,time (s),distance (m),velocity (m/s),acceleration (m/s^2),force (N),mass (kg)
0,0.0,0.0,0.0,3.9179175918174063,0.21940338514177476,0.056
1,0.001,1.9809165996615638e-06,0.0039825154475617444,4.04761634888573,0.22552445320818681,0.05571784323637084
2,0.002,8.009180614682528e-06,0.008095956348021589,4.179598572671755,0.23181390578593614,0.055463198619515285
3,0.003,1.8217213259590222e-05,0.012342461909377368,4.313817601466505,0.23827623918999208,0.055235585090335944
4,0.004,3.273927533205177e-05,0.016724466032288703,4.45065567181198,0.24491606204529304,0.05502920920089539
5,0.005,5.171223350844714e-05,0.021244749213208243,4.5904232567282985,0.25173809764321414,0.0548398445119925
6,0.006,7.527588395140343e-05,0.025906377069935677,4.7333854243371585,0.25874718632033583,0.05466429693004972
7,0.007,0.00010357320644912126,0.03071266325878622,4.879777067725324,0.26594828785782415,0.05450008968991573
8,0.008,0.00013675060666331644,0.03566714574109339,5.029811354197572,0.2733464838995745,0.054345275528366745
9,0.009000000000000001,0.00017495813879913393,0.04077356706022059,5.18368697962754,0.2809469803870961,0.05419829196694335
10,0.01,0.00021834969703504246,0.04603586324445707,5.341592292352936,0.2887551100089336,0.05405787154933513
11,0.011,0.00026708319726980107,0.05145815512939763,5.503707868875923,0.29677633466223097,0.0539229809671647
12,0.012,0.00032132077047714985,0.057044741039327655,5.670209298278954,0.305016247923839,0.05379276705295849
13,0.013000000000000001,0.0003812289331327124,0.0628000931509514,5.841268660314773,0.3134805775281531,0.05366652276378268
14,0.014,0.0004469787587946245,0.06872885464906567,6.017055627741928,0.3221751878486415,0.05354366118259521
15,0.015,0.0005187460493123803,0.07483583705755158,6.197739084190694,0.33110608237978784,0.05342368852286462
16,0.016,0.0005967115022043926,0.08112602105422186,6.38348670013708,0.3402794062159124,0.053306198038856285
17,0.017,0.000681060879002859,0.0876045546688049,6.57446638032181,0.3497014485230843,0.05319084900483847
18,0.018000000000000002,0.0007719851712631908,0.09427675398028926,6.770846219692412,0.3593786450000445,0.0530773603977038
19,0.019,0.0008696807728234247,0.10114810353174673,6.972794958495529,0.3693175803237736,0.05296550128349948
20,0.02,0.0009743496476310024,0.10822425689483585,7.180482362955965,0.3795249905750289,0.052855082902646545
21,0.021,0.0010861994971853904,0.11551103811233981,7.394079190474431,0.3900077656388486,0.052745954647237726
22,0.022,0.001205443932453542,0.12301444252482724,7.613757588654655,0.40077295157468296,0.05263799732367093
23,0.023,0.0013323026465591789,0.13074063836289473,7.839691063683832,0.41182775295045776,0.05253112011749886
24,0.024,0.0014670015901931516,0.13869596825204572,8.072054532141502,0.42317953513449197,0.05242525721914606
25,0.025,0.0016097731409113899,0.14688695028600324,8.311024783154531,0.434835826538815,0.052320362155600354
26,0.026000000000000002,0.0017608562819263346,0.15532027997841802,8.55678043950087,0.44680432080700555,0.05221640592113503
27,0.027,0.0019204967886541646,0.16400283296222765,8.809501386986543,0.4590928789392543,0.05211337835957771
28,0.028,0.0020889473915489437,0.17294166532104494,9.069369840935208,0.47170953134689836,0.052011279683160105
29,0.029,0.002266467977280683,0.18214401644564687,9.336569628847696,0.48466247982821714,0.05191012321385466
30,0.03,0.0024533257592522805,0.19161731046078043,9.611286630786447,0.49796009945678044,0.051809931238731004
31,0.031,0.0026497954646907892,0.20136915824028778,9.89370889362794,0.5116109403731469,0.051710733141001435
32,0.032,0.002856159539341911,0.2114073600521917,10.184026307209761,0.5256237294701609,0.05161256595518087
33,0.033,0.0030727083118363666,0.2217399068138716,10.48243117577695,0.5400073719615713,0.05151547030515527
34,0.034,0.0032997402074075506,0.2323749830900028,10.789117872762578,0.5547709528231038,0.0514194913213098
35,0.035,0.0035375619288432057,0.24332096890346502,11.104283111096578,0.5699237380945339,0.05132467646875876
36,0.036000000000000004,0.003786488675092608,0.2545864422748605,11.428126092778266,0.5854751760306922,0.051231074217904314
37,0.037,0.004046844246315072,0.26618018087664513,11.760848173521346,0.6014348980886955,0.05113873499725814
38,0.038,0.00431896144366314,0.2781111663205993,12.102653572804343,0.6178127197380339,0.051047707514846975
39,0.039,0.004603182108461189,0.29038858532497075,12.453748882789627,0.6346186410794719,0.05095804059101262
40,0.04,0.004899857324533819,0.30302183183329884,12.814343411144707,0.6518628472580031,0.05086978133355427
41,0.041,0.005209347744561341,0.3160205113475259,13.184649257306672,0.6695557086543896,0.050782974623563466
42,0.042,0.005532023731715399,0.32939444293032877,13.564881238621034,0.687707780839056,0.050697663233575524
43,0.043000000000000003,0.0058682653304597794,0.3431536586322995,13.955256947724573,0.7063298042713465,0.05061388743447785
44,0.044,0.006218463192086919,0.35730841568747845,14.355997145330289,0.7254327037263667,0.050531683475733696
45,0.045,0.006583017803245323,0.37186918644152656,14.767325350809795,0.7450275874308204,0.05045108506327894
46,0.046,0.006962340757281797,0.38684667531646316,15.189468301745281,0.7651257458884251,0.05037212170227918
47,0.047,0.007356854030525856,0.40225180911361114,15.622655716235268,0.785738650374649,0.05029481956503074
48,0.048,0.007766990935048867,0.4180957498897341,16.067120466776352,0.8068779510796528,0.050219200929508045
49,0.049,0.008193195954757216,0.43438989273154127,16.523098586638778,0.8285554748774366,0.05014528422335015
50,0.05,0.008635924983319096,0.45114586889926866,16.990829238022734,0.8507832226983159,0.05007308417851674
51,0.051000000000000004,0.009095645999153398,0.4683755548926748,17.470554784268362,0.8735733664809479,0.05000261166677837
52,0.052000000000000005,0.009572838410225498,0.4860910636023072,17.96252075613857,0.8969382456792142,0.04993387386192395
53,0.053,0.010067994551627017,0.50430476405851,18.466975789424016,0.9208903632983707,0.049866874457363077
54,0.054,0.010581618603380404,0.5230292668214567,18.9841711203366,0.9454423814339402,0.04980161501078889
55,0.055,0.01111422777140564,0.54227742776506,19.514342211435935,0.9706071162859231,0.0497381416073108
56,0.056,0.011666352420816374,0.5620623363363607,20.057698647686784,0.9963975326199804,0.04967656310535372
57,0.057,0.012238535907456596,0.5823972545913435,20.61439373906585,1.0228267376463434,0.049617114652661776
58,0.058,0.012831334843141551,0.6032956313030544,21.184647668457302,1.0499079742863127,0.04955985063889281
59,0.059000000000000004,0.01344531961768277,0.6247711743519531,21.768771309598556,1.0776546137953311,0.04950461367197874
60,0.06,0.0140810745032291,0.6468378952258539,22.367044242647022,1.1060801477107696,0.049451332760446616
61,0.061,0.014739198218355834,0.6695100912215679,22.97974875872337,1.1351981790917332,0.049399938659503366
62,0.062,0.015420302440198248,0.6928023167309256,23.607169395668212,1.1650224130174132,0.04935036443764361
63,0.063,0.01612501438821803,0.7167294250111614,24.249592648821356,1.1955666463097532,0.04930254555710499
64,0.064,0.01685397711684331,0.7413065749896263,24.907306647375446,1.2268447564455083,0.04925641996601766
65,0.065,0.017607848993521334,0.7665492183751368,25.58060092193663,1.2588706896221253,0.04921192795524133
66,0.066,0.01838730302916071,0.7924730689705136,26.269766468795734,1.2916584479412923,0.04916901143661004
67,0.067,0.01919302798439105,0.8190941412260722,26.97509503165604,1.3252220756735127,0.049127614717142866
68,0.068,0.020025729569309064,0.8464287455394905,27.696879071780398,1.3595756445666356,0.049087683888249724
69,0.069,0.020886129352233367,0.8744934833237007,28.435411256659535,1.3947332381609274,0.04904916709563266
70,0.07,0.02177496595907223,0.9033052487814276,29.190984228712665,1.4307089350730928,0.049012014252874256
71,0.07100000000000001,0.022692995103594807,0.9328812292829437,29.963890204561658,1.4675167912115108,0.048976177031515696
72,0.07200000000000001,0.023640989766692242,0.9632389026798602,30.754420555906094,1.505170820884999,0.04894160883795111
73,0.073,0.02461974164656569,0.994396035754137,31.56286555673418,1.5436849767675882,0.04890826449179077
74,0.074,0.02563005857949958,1.0263706887162256,32.38951354986273,1.5830731286821174,0.04887610078629374
75,0.075,0.02667276549213008,1.0591812135432617,33.234650547208815,1.6233490411659437,0.04884507628145587
76,0.076,0.02774870790912255,1.092846237101059,34.098560181117435,1.664526349782784,0.04881515057942356
77,0.077,0.028858751705230442,1.1273846623457289,34.98152314703124,1.7066185361455448,0.048786284375681326
78,0.078,0.030003779029008745,1.1628156880789766,35.88381602917101,1.7496389016161535,0.048758440300602945
79,0.079,0.031184690348364342,1.1991587984633632,36.80571095106371,1.7936005396497137,0.04873158249909794
80,0.08,0.03240240808997661,1.2364337226147275,37.74747543538534,1.8385163067519181,0.04870567595703238
81,0.081,0.03365787508852096,1.274660451820071,38.70937154640914,1.8843987920205307,0.048680686788244595
82,0.082,0.03495205317663108,1.3138592526570712,39.69165498160842,1.9312602852439047,0.04865658250175701
83,0.083,0.036285925036194974,1.354050625805023,40.69457456329327,1.9791127435319555,0.048633331709950496
84,0.084,0.0376604932975917,1.3952553345603413,41.718371376951076,2.027967756457851,0.04861090424968698
85,0.085,0.03907678123956957,1.4374943853595787,42.763278070636446,2.077836509691782,0.0485892710624197
86,0.08600000000000001,0.04053583452723006,1.4807889793888709,43.82951829421947,2.128729747111724,0.048568403896706185
87,0.08700000000000001,0.04203871901780507,1.5251605731454112,44.917305515717146,2.180657731379982,0.04854827568890885
88,0.088,0.043586522308880056,1.5706308225693062,46.02684235671553,2.23363020297863,0.04852886030433355
89,0.089,0.045180354338911474,1.617221559000662,47.15831977160327,2.287656337701684,0.04851013243858644
90,0.09,0.04682134646084684,1.6649548220374395,48.31191595795691,2.3427447026070074,0.04849206776741712
91,0.091,0.04851065247285233,1.7138528005480609,49.48779553896629,2.3989032104366057,0.04847464277425186
92,0.092,0.05024944802353303,1.7639378712229592,50.68610845136664,2.4561390725200356,0.04845783484989191
93,0.093,0.052038931604688476,1.815232520529058,51.90698908472827,2.5144587501822837,0.04844162211138676
94,0.094,0.053880324015518684,1.867759387894797,53.150555107000436,2.573867904684544,0.04842598350107431
95,0.095,0.05577486885200596,1.9215412042658535,54.41690647183985,2.63437134573392,0.04841089868085717
96,0.096,0.057723832509797346,1.9766007950471827,55.70612428686925,2.6959729786062523,0.04839634803388634
97,0.097,0.05972850411983753,2.03296107141338,57.0182696531949,2.7586757499348766,0.048382312664240944
98,0.098,0.0617901959412106,2.090644960793843,58.35338259826026,2.8224815922273376,0.048368774294696784
99,0.099,0.06391024298166095,2.1496754721615763,59.71148075244013,2.887391367181789,0.048355715363226776
100,0.1,0.06609000335178711,2.210075572223931,61.09255829126475,2.9534048078850743,0.048343118875533546
101,0.101,0.0683308581916843,2.271868230512497,62.49658462567871,3.020520459985207,0.048330968453340575
102,0.10200000000000001,0.07063421151350675,2.335076375488518,63.92350316227555,3.0887356219422957,0.04831924830685926
103,0.10300000000000001,0.07300149016197963,2.399722857355462,65.3732300544322,3.1580462844736767,0.048307943203114934
104,0.10400000000000001,0.07543414404767589,2.4658304157130373,66.84565296984327,3.2284470693212666,0.04829703841441638
105,0.105,0.07793364545063405,2.533421682074461,68.34062969586736,3.2999311674818124,0.04828651977845857
106,0.106,0.08050148933555609,2.6025191307808315,69.8579869152556,3.372490277053787,0.04827637362560904
107,0.107,0.0831391930940526,2.6731450438619757,71.39751890374134,3.446114540868111,0.048266586763528685
108,0.108,0.08584829612941483,2.7453214753339656,72.95898621111833,3.520792484083649,0.04825714647261793
109,0.109,0.08863036000611844,2.8190702310237423,74.5421143810272,3.596510951942414,0.048248040477609715
110,0.11,0.09148696775106008,2.8944128166202114,76.14659264601181,3.673255047893667,0.04823925694180164
111,0.111,0.09441972380186917,2.9713704107204757,77.77207265753093,3.7510080723103494,0.04823078444659565
112,0.112,0.0974302537099096,3.0499638287113657,79.41816722784563,3.8297514620358086,0.048222611975525666
113,0.113,0.10052020339237686,3.1302134698551116,81.08444908181164,3.909464731012938,0.04821472890650601
114,0.114,0.10369123919160296,3.2121392939595848,82.77044966036203,3.990125412262235,0.04820712499008045
115,0.115,0.1069450465940295,3.295760753970149,84.47565792766419,4.071709001489111,0.04819979034641769
116,0.116,0.11028333034982182,3.3810967722536693,86.19951924841956,4.154188902614458,0.048192715444763036
117,0.117,0.1137078144136268,3.468165711344646,87.94143431014399,4.237536375535594,0.04818589108509454
118,0.11800000000000001,0.11722024120919036,3.556985323574291,89.70075808496655,4.321720486437209,0.04817930838827002
119,0.11900000000000001,0.12082237112502983,3.647572707660615,91.476798856992,4.406708060983748,0.04817295878349292
120,0.12,0.12451598064849667,3.7399442309702837,93.26881729111687,4.4924636407355,0.048166834009627485
121,0.121,0.12830286104329275,3.8341154648562528,95.07602558458707,4.578949443140555,0.04816092611135458
122,0.122,0.13218481906576557,3.93010117027959,96.89758674020719,4.6661253254633674,0.0481552274152477
123,0.123,0.13616367521496803,4.027915221616492,98.73261388212555,4.753948753018004,0.048149730530720344
124,0.124,0.14024126382035357,4.1275705968447065,100.58016972708789,4.842374772079835,0.0481444283223923
125,0.125,0.14441943295769757,4.229079361422541,102.43926616011136,4.931355987853502,0.04813931388522299
126,0.126,0.1487000423034762,4.3324525659066015,104.30886384549721,5.020842547877122,0.04813438055766783
127,0.127,0.15308496215608655,4.437700199907866,106.187872005742,5.110782131242886,0.04812962191168617
128,0.128,0.15757607087697698,4.544831088150556,108.07514826817568,5.201119944011973,0.04812503177054182
129,0.129,0.1621752554076449,4.653852894168612,109.96949876677819,5.2917987211974165,0.04812060417243686
130,0.13,0.1668844095757459,4.764772052454268,111.8696783099204,5.382758735681347,0.048116333371131303
131,0.131,0.17170543370124375,4.877593762449573,113.77439076419752,5.473937814423523,0.04811221380889221
132,0.132,0.17664023245380614,4.992321891797235,115.68228950896672,5.565271362305415,0.04810824012844284
133,0.133,0.18169071370199844,5.108958935582083,117.5919781100532,5.656692393938671,0.04810440716155507
134,0.134,0.1868587869722301,5.227505965485734,119.50201114648944,5.748131573748262,0.04810070992614523
135,0.135,0.19214636215871353,5.347962582256807,121.41089523407533,5.839517264618891,0.04809714361598715
136,0.136,0.1975553480286883,5.4703268663699625,123.31709022379675,5.930775585368315,0.048093703594571525
137,0.137,0.20308765065559486,5.594595342003308,125.21901058800069,6.021830477283039,0.048090385389613445
138,0.138,0.20874517182205007,5.720762925646172,127.11502700017307,6.112603779920321,0.04808718468755074
139,0.139,0.21452980737299193,5.848822877599899,129.00346811121645,6.2030153163456445,0.048084097328281915
140,0.14,0.22044344560912743,5.978766770653343,130.88262252974715,6.292982987936735,0.04808111929837331
141,0.14100000000000001,0.2264879655679587,6.110584449923968,132.75074100038302,6.382422878843961,0.04807824672576062
142,0.14200000000000002,0.2326652351993292,6.244263986899247,134.60603878104607,6.471249370152653,0.048075475875781225
143,0.14300000000000002,0.23897710964089774,6.379791652928816,136.44669822600375,6.5593752637456095,0.048072803146038574
144,0.14400000000000002,0.2454254294389065,6.517151893173737,138.27087156841375,6.646711915814001,0.04807022506201053
145,0.145,0.2520120185856953,6.65632728389214,140.07668390320535,6.7331693799123675,0.04806773827230996
146,0.146,0.25873868271786177,6.79729851260733,141.86223510558915,6.818656559398545,0.04806533997101742
147,0.147,0.26560720734954407,6.940044362480212,143.62560005034288,6.903081369042487,0.04806302892118714
148,0.148,0.27261935569366536,7.084541676252993,145.36483496084622,6.986350905529567,0.04806080444016139
149,0.149,0.2797768667561893,7.230765341195495,147.07797890840743,7.068371626524088,0.0480586671028836
150,0.15,0.28708145336809443,7.3786882752971765,148.76305759224496,7.1490495378981525,0.04805661871708419
151,0.151,0.29453480054978615,7.528281442421867,150.418100592111,7.228290388670079,0.04805465805123444
152,0.152,0.3021385632181345,7.679513825328123,152.04113590062653,7.305999873135408,0.04805278406963876
153,0.153,0.3098943641942753,7.832352425471106,153.63019580429034,7.382083839613322,0.04805099545025228
154,0.154,0.3178037922618408,7.986762271694368,155.18332535661506,7.456448505171791,0.04804928936815016
155,0.155,0.32586840036981124,8.142706451277741,156.6985813496748,7.529000675637162,0.048047663295917815
156,0.156,0.33408970368724517,8.300146130512879,158.17403817395476,7.599647970138342,0.048046114633429865
157,0.157,0.342469177519386,8.459040565766653,159.60780082000045,7.668299049382964,0.048044638231880515
158,0.158,0.3510082554877348,8.619347147675784,160.99800784280418,7.7348638468134805,0.04804322705884457
159,0.159,0.3597083276558714,8.781021416618644,162.34283035361813,7.799253801745566,0.04804187400673678
160,0.16,0.36857073867742934,8.944017028513349,163.64045563959223,7.8613820935501,0.04804057812491245
161,0.161,0.3775967860128004,9.108285896837199,164.88911374182894,7.921163875903728,0.0480393380505768
162,0.162,0.3867877181632937,9.273778210959476,166.08707000933552,7.978516510102468,0.04803815558703038
163,0.163,0.3961447329602131,9.4404424811546,167.23262518144892,8.03335979640782,0.04803703695789952
164,0.164,0.40566897597236407,9.608225447070344,168.3241890661322,8.08561620237664,0.04803597300682622
165,0.165,0.4153615385181061,9.777072341799148,169.3602114479943,8.135211087114152,0.04803496061772599
166,0.166,0.42522345654019994,9.946926863962759,170.3392076968462,8.18207292038502,0.04803399658255256
167,0.167,0.4352557088945154,10.1177312740041,171.2597568345289,8.226133495519965,0.04803307938518243
168,0.168,0.44545921604607075,10.28942644501215,172.12051282893037,8.26732813506571,0.04803220719707338
169,0.169,0.4558348386050678,10.461951944116192,172.92020717365952,8.305595888143893,0.04803137830966618
170,0.17,0.4663833761779679,10.635246108869433,173.6576529946755,8.340879718510068,0.04803059107775577
171,0.171,0.4771055661241988,10.809246132526637,174.33174866345868,8.37312668233732,0.04802984394140018
172,0.17200000000000001,0.48800208245521287,10.983888150944846,174.94148127209058,8.402288094789562,0.048029135421125684
173,0.17300000000000001,0.49907353482758277,11.159107332810573,175.48592985649867,8.428319684497966,0.04802846411327743
174,0.17400000000000002,0.5103204677407591,11.334837976578672,175.96426834313874,8.451181735109124,0.04802782868752033
175,0.17500000000000002,0.5217433595739167,11.511013602470653,176.3757682118327,8.470839213135516,0.04802722788405819
176,0.176,0.5333426215193712,11.687567041415988,176.71980085934058,8.487261881407308,0.048026660510797604
177,0.177,0.5451185975466545,11.86443055240817,176.995839645546,8.500424397498557,0.04802612544182739
178,0.178,0.5570715642268693,12.041535935916789,177.2034616163109,8.510306396580392,0.0480256216157182
179,0.179,0.5692017286565266,12.218814595820383,177.34234890173772,8.516892558237782,0.04802514803137542
180,0.18,0.5815092291790661,12.39619766975543,177.41228975997421,8.520172656874436,0.04802470374742135
181,0.181,0.5939941367721616,12.57361616913847,177.41317927074618,8.520141595421714,0.048024287882352426
182,0.182,0.6066564519372587,12.751001030093748,177.34501969774425,8.516799422160975,0.048023899609227684
183,0.183,0.6194961057287414,12.928283239287136,177.20792047943206,8.510151330564183,0.048023538155293276
184,0.184,0.6325129621637187,13.105393964808341,177.00209786145626,8.500207642153615,0.048023202802979933
185,0.185,0.6457068152589003,13.28226463593345,176.72787419906612,8.486983772477762,0.04802289288512593
186,0.186,0.6590773899034572,13.458827055025228,176.38567689712212,8.470500180395662,0.04802260778428243
187,0.187,0.6726243449074534,13.635013502332914,175.97603700107868,8.45078230095561,0.04802234693411017
188,0.188,0.6863472707310477,13.810756844473994,175.49958747372153,8.427860462245357,0.0480221098155419
189,0.189,0.7002456900446082,13.985990638340919,174.9570611378321,8.401769786678765,0.0480218959557157
190,0.19,0.7143190610911119,14.160649203915927,174.34928829689244,8.37255007726792,0.0480217049295357
191,0.191,0.7285667764683719,14.334667746546735,173.67719407221887,8.340245689509064,0.04802153635693241
192,0.192,0.7429881633230095,14.507982462346147,172.94179545055826,8.304905389584663,0.048021389901430296
193,0.193,0.7575824872499672,14.680530568301949,172.14419805282023,8.26658219965224,0.0480212652715472
194,0.194,0.7723489515423887,14.852250433838213,171.28559266390536,8.225333231052467,0.048021162218775296
195,0.195,0.7872866967457742,15.023081705421772,170.36725152880405,8.181219506324119,0.048021080535779595
196,0.196,0.8023948023549202,15.192965381198253,169.39052442750798,8.134305770961479,0.04802102005677785
197,0.197,0.8176722926960999,15.361843756932629,168.35683447449046,8.084660295890595,0.04802098068145602
198,0.198,0.8331181358332075,15.529660564220444,167.26767327739225,8.03235467167359,0.04802096253442198
199,0.199,0.8487312417353015,15.696361139989278,166.12459624218218,7.977463595475961,0.04802096604554655
200,0.2,0.8645104677874372,15.861892383697604,164.92929267923444,7.9200646518492706,0.0480209702181452
201,0.201,0.8804546190639487,16.026202906355188,163.68347376752652,7.8602380883918475,0.04802096331090485
202,0.202,0.8965624499348046,16.18924304385958,162.38883315420014,7.798066587352624,0.04802095338629465
203,0.203,0.9128326657748038,16.350964846011003,161.04707974404408,7.733635034238492,0.04802095788715784
204,0.20400000000000001,0.9292639248857827,16.511322124766025,159.66006581286706,7.667030284473727,0.04802096407413505
205,0.20500000000000002,0.9458548403997978,16.670270524145188,158.22965174667888,7.598340929141551,0.04802096727929526
206,0.20600000000000002,0.9626039821022453,16.827767590267147,156.757737914136,7.527657060812832,0.04802095999201075
207,0.20700000000000002,0.9795098782477983,16.983772759328584,155.2461789410638,7.455070040436368,0.048020956723621146
208,0.20800000000000002,0.9965710174320567,17.13824736040783,153.69688418002934,7.380672266228681,0.04802096220495595
209,0.209,1.0137858505267092,17.291154628947904,152.11182897667723,7.30455694546015,0.04802096585519415
210,0.21,1.0311527926342121,17.442459759783343,150.49297364426894,7.2268178699886745,0.04802096533138633
211,0.211,1.0486702250537692,17.592129951203503,148.84228889230118,7.147549196342462,0.04802095727991836
212,0.212,1.0663364972480842,17.740134337037723,147.16167818064804,7.066845231100817,0.04802096115284799
213,0.213,1.08414992879925,17.886444012471014,145.45314720128027,6.984800222266137,0.04802096315317581
214,0.214,1.102108811344973,18.03103198867989,143.71864023953134,6.901508157262665,0.04802096753601438
215,0.215,1.1202114105583383,18.173873293095358,141.96013984893648,6.8170625681381605,0.0480209626124092
216,0.216,1.1384559681725017,18.314944871498255,140.17952367465864,6.731556344484139,0.04802096745675457
217,0.217,1.1568407038511976,18.454225604334265,138.37876949202703,6.645081554529504,0.04802096144461217
218,0.218,1.1753638171084804,18.591696278118512,136.55972372121602,6.557729274801193,0.04802096178950001
219,0.219,1.194023488855876,18.72733956043302,134.72427648636355,6.469589428684983,0.048020962497726374
220,0.22,1.2128178836159027,18.861139970022066,132.8742888543469,6.380750634159804,0.048020957923275924
221,0.221,1.2317451515209759,18.993083855999583,131.01153266143118,6.291300060920451,0.04802096375117488
222,0.222,1.2508034299976951,19.12315937832292,129.1378495109705,6.201323297046869,0.04802095838308082
223,0.223,1.2699908454585886,19.251356446464367,127.2549279159967,6.110904225323297,0.04802096331669934
224,0.224,1.289305514574233,19.3776667300216,125.36452216949495,6.020124909258037,0.048020961633138334
225,0.225,1.3087455477384058,19.502083546025336,123.46829049925051,5.9290654888047545,0.048020957160986574
226,0.226,1.32830904874062,19.62460188935284,121.56783074741577,5.837804085738845,0.04802096121850016
227,0.227,1.3479941053366857,19.74521833009722,119.6647587886982,5.746416718598297,0.048020961031185576
228,0.228,1.3677987898279278,19.863931027466073,117.76060048283699,5.654977227057145,0.04802096120324496
229,0.229,1.3877212956639322,19.980739699527813,115.85684971700248,5.56355720556175,0.04802096051421701
230,0.23,1.4077596515717576,20.095645446794062,113.95494618905379,5.472225946025296,0.048020960292032885
231,0.231,1.4279119584624411,20.20865084566281,112.05628887306976,5.381050389344512,0.048020958425990926
232,0.232,1.4481763216161065,20.31975978425258,110.16221025896283,5.290095085474473,0.048020959937521486
233,0.233,1.468550847932196,20.428977454256156,108.2740177438327,5.199422161772416,0.048020958953179475
234,0.234,1.4890336488888074,20.53631026986027,106.3929400127118,5.1090912992999815,0.04802096171691043
235,0.23500000000000001,1.5096228432846333,20.641766023563033,104.52018517233947,5.019159716754652,0.04802096081707802
236,0.23600000000000002,1.5303165585349214,20.74535368920241,102.65688548098554,4.929682161685876,0.04802095971048107
237,0.23700000000000002,1.5511129315301284,20.84708326797797,100.8041253190835,4.84071090863882,0.04802096038546164
238,0.23800000000000002,1.5720101096934653,20.946965799315034,98.96294895876146,4.752295763859074,0.04802095949908878
239,0.23900000000000002,1.5930062519122974,21.045013347042342,97.13433285230514,4.664484076184662,0.04802096168485669
240,0.24,1.6140995295877012,21.14123894902076,95.31922307368615,4.577320753747291,0.04802096162920685
241,0.241,1.6352881276547264,21.235656561217965,93.51850123161181,4.490848286102711,0.048020960846886215
242,0.242,1.6565702454564462,21.32828099665407,91.73299979985339,4.405106771410265,0.04802096062509128
243,0.243,1.6779440975633269,21.419127872229932,89.96350658354046,4.320133948283793,0.04802095996860793
244,0.244,1.699407914546054,21.508213566565534,88.21075365074205,4.235965231940277,0.048020961805994536
245,0.245,1.7209599437143248,21.595555172662994,86.47544147446479,4.152633754278253,0.048020960442329494
246,0.246,1.7425984498069216,21.68117045085983,84.75820278464658,4.0701704075253895,0.04802096167455164
247,0.247,1.764321715637044,21.765077784506815,83.05964588686464,3.9886038911032955,0.04802095949862541
248,0.248,1.786128042691741,21.847296126538218,81.38031017212815,3.907960761367391,0.04802096174248577
249,0.249,1.8080157516793038,21.927844969602155,79.72072242896033,3.828265483890715,0.048020958255892726
250,0.25,1.8299831830452955,22.006744288356415,78.08133954892385,3.749540487972214,0.04802095493793167
251,0.251,1.8520286974426126,22.084014497202293,76.4625699914933,3.6718062230626547,0.04802096272033696
252,0.252,1.8741506761438187,22.15967641747019,74.86482016331904,3.5950812168144197,0.04802096911435413
253,0.253,1.8963475214299077,22.233751243522814,73.28843995506216,3.5193821344750478,0.048020972156495714
254,0.254,1.9186176569478968,22.30626051148799,71.73375268651513,3.4447238393583888,0.048020962383109024
255,0.255,1.9409595280260177,22.377226043272493,70.20101000616143,3.371119454141407,0.04802095374191239
256,0.256,1.963371601939339,22.446669899911686,68.69043424449309,3.2985804227490214,0.04802095748890201
257,0.257,1.9858523681368436,22.514614357992517,67.20224130482214,3.2271165726037716,0.048020966413395615
258,0.258,2.0084003384420286,22.581081897083426,65.73662398094716,3.1567361770314166,0.0480209658765919
259,0.259,2.0310140472169866,22.64609517338906,64.29371850624251,3.0874460176277783,0.04802095895772473
260,0.26,2.0536920516112223,22.709676923660567,62.873590474564246,3.0192514464061437,0.04802098024968995
261,0.261,2.076432931507732,22.7718500051148,61.476407138388346,2.952156447558324,0.048020965846504046
262,0.262,2.0992352897124262,22.832637378405046,60.10216300750821,2.8861636986758405,0.04802096221254615
263,0.263,2.122097752004197,22.892061991643295,58.75089306036548,2.8212746312908115,0.04802096588373564
264,0.264,2.1450189671068998,22.95014683346537,57.42263114462812,2.757489490608781,0.04802095333569095
265,0.265,2.1679976067460967,23.006914899519188,56.117314668772124,2.694807394317906,0.048020961270577305
266,0.266,2.1910323656241655,23.062389121894654,54.83493623913841,2.6332263903707354,0.04802096201748241
267,0.267,2.214121961361141,23.116592405199782,53.575449310736005,2.5727435136460053,0.048020941433905104
268,0.268,2.237265134423405,23.169547586738616,52.33869360780209,2.513354841408705,0.048020970111375516
269,0.269,2.260460648027957,23.22127739725493,51.12464340459132,2.45505554749682,0.0480209813507734
270,0.27,2.2837072882942393,23.271804395045777,49.933222984323066,2.397839955172974,0.04802093299536853
271,0.271,2.307003863510266,23.321151242364333,48.764138947868126,2.34170158858824,0.04802097687178817
272,0.272,2.3303492046993584,23.369340171589,47.617374804507556,2.2866332228141673,0.04802098461332459
273,0.273,2.3537421652228483,23.416393400971042,46.49275621718659,2.2326269324070847,0.048020963136226544
274,0.274,2.3771816203247673,23.46233298847487,45.39005419388662,2.1796741384764116,0.048020963560999275
275,0.275,2.400666467201217,23.50718076520142,44.30909604568426,2.1277656542357555,0.04802096734363421
276,0.276,2.4241956249103493,23.550958375138027,43.24969489463775,2.0768917290221776,0.048020956773955834
277,0.277,2.4477680341860886,23.593687260494832,42.21161412073011,2.0270420907750757,0.04802095662529038
278,0.278,2.471382656780219,23.635388633752026,41.1946294432895,1.978205986971814,0.0480209681141836
279,0.279,2.495038476668564,23.67608347009301,40.19852260337442,1.930372224022317,0.04802097437929905
280,0.28,2.51873449885843,23.715792515880594,39.22305826817662,1.8835292051296189,0.04802096746896986
281,0.281,2.5424697489741477,23.754536268462694,38.26797619318377,1.8376649666276748,0.048020960328573545
282,0.28200000000000003,2.5662432723217874,23.792334972375,37.33301526758393,1.7927672128115408,0.0480209594634107
283,0.28300000000000003,2.590054130109193,23.829208668418442,36.41791613215708,1.7488233492786707,0.04802096152158626
284,0.28400000000000003,2.613901406732474,23.86517709240679,35.52241592711621,1.7058205148030934,0.048020960013053254
285,0.28500000000000003,2.6377842067774067,23.90025969968081,34.64623551549798,1.6637456117671237,0.04802096351919376
286,0.28600000000000003,2.6617016542539282,23.934475678382338,33.78910662512775,1.6225853351776558,0.04802095992591284
287,0.28700000000000003,2.685652893909888,23.967843901471863,32.950740005644604,1.5823262002962937,0.048020960986770986
288,0.28800000000000003,2.7096370849752587,24.000383030708974,32.13085545582842,1.542954568914394,0.048020961378870096
289,0.289,2.7336534074404977,24.03211140834489,31.329167552011572,1.504456674305752,0.048020959120860976
290,0.29,2.7577010599197407,24.063047075649752,30.545382045960054,1.4668186448908944,0.04802096247098329
291,0.291,2.7817792588588715,24.093207797514584,29.77921610998869,1.4300265266482193,0.04802095936194079
292,0.292,2.8058872392561156,24.122611015350458,29.030370460155442,1.394066304307882,0.0480209615726832
293,0.293,2.8300242515705465,24.1512739228909,28.29855715655784,1.3589239213652375,0.04802096141676692
294,0.294,2.8541895628022136,24.179213424088648,27.583482570825684,1.3245852989509572,0.0480209594836272
295,0.295,2.8783824581720574,24.20644610006348,26.88484962671569,1.291036353595419,0.04802096242013219
296,0.296,2.9026022392806934,24.232988254122798,26.20237153393167,1.2582630139249849,0.04802095918285692
297,0.297,2.926848224068099,24.25885587221456,25.53574906052822,1.2262512363279576,0.04802096204115001
298,0.298,2.9511197470133212,24.28406465583249,24.884696051558844,1.1949870196277657,0.04802096104175275
299,0.299,2.975416154842122,24.308630063924024,24.24892016275841,1.1644564188008282,0.04802095973697027
300,0.3,2.999736812073846,24.332567219518076,23.62813032940038,1.1346455577761005,0.04802096238500369
301,0.301,3.024081098153282,24.35589097273444,23.022044140625212,1.1055406413530022,0.04802095915549656
302,0.302,3.0484484071610707,24.378615864575877,22.43037029200164,1.0771279662738311,0.048020962304751606
303,0.303,3.072838148771764,24.40075615424863,21.85283089881785,1.0493939314862155,0.048020960595223545
304,0.304,3.097249737224761,24.4223259930218,21.289142210020735,1.022325047630558,0.048020960053024246
305,0.305,3.1216826157005024,24.443338954140263,20.73902654016246,0.9959079457866276,0.04802095912544341
306,0.306,3.146136234567271,24.46380846525514,20.20220731268538,0.9701293855128269,0.048020959813815135
307,0.307,3.170610056915596,24.483747687442687,19.678411000258915,0.9449762622107428,0.04802096379622874
308,0.308,3.195103558965404,24.503169509136203,19.167372330204287,0.9204356138468909,0.0480209596803445
309,0.309,3.219616229325379,24.52208655918694,18.668819614998057,0.8964946270625993,0.048020959308127775
310,0.31,3.244147568822225,24.540511204342756,18.18249018136693,0.8731406427021978,0.048020960495112806
311,0.311,3.2686970919441256,24.55845552031061,17.70812447530375,0.8503611607886957,0.048020961337528055
312,0.312,3.293264324250288,24.575931343630987,17.245466008482914,0.8281438449753176,0.04802096067267535
313,0.313,3.3178488032630367,24.592950249922875,16.794261517480244,0.8064765265002897,0.04802095797191628
314,0.314,3.3424500774696493,24.60952357239264,16.35425733041657,0.7853472076713599,0.048020964315556344
315,0.315,3.3670677065898715,24.625662396687634,15.925213629039538,0.7647440649056775,0.04802096114498401
316,0.316,3.391701261529162,24.641377560267923,15.506883848808076,0.7446554513496467,0.04802096014970048
317,0.317,3.4163503244051667,24.656679647335498,15.099029380224156,0.7250698991025706,0.04802096087396357
318,0.318,3.4410144873042445,24.671579016276706,14.701415349055296,0.7059761210669036,0.048020962900845406
319,0.319,3.4656933526027873,24.68608579171256,14.313812248189315,0.6873630124471276,0.048020960491086395
320,0.32,3.490386532609105,24.700209871896853,13.935991243518998,0.6692196519183231,0.04802095812377516
321,0.321,3.5150936488091324,24.71396094122619,13.567727383973443,0.6515353024847045,0.048020960625603015
322,0.322,3.539814333561717,24.727348433451446,13.20880262168552,0.6342994120474946,0.04802096224877606
323,0.323,3.564548227988084,24.740381577966343,12.859001400098169,0.6175016137007326,0.04802096169738487
324,0.324,3.5892949822791733,24.753069391439453,12.5181120310591,0.6011317257727704,0.048020957495929315
325,0.325,3.614054255579626,24.76542067863654,12.185922850256464,0.5851797516304292,0.04802096310810909
326,0.326,3.6388257153331174,24.777444047390976,11.86223394111954,0.5696358792620464,0.04802096148917166
327,0.327,3.663609037632318,24.78914790147001,11.546842722567904,0.5544904806548486,0.0480209607056582
328,0.328,3.688403907596407,24.80054042754956,11.23955238458279,0.5397341109814231,0.04802096137936706
329,0.329,3.7132100178372873,24.811629631706992,10.94017045990104,0.5253575076092848,0.04802096178801559
330,0.33,3.738027069107373,24.822423323374558,10.648507591017609,0.5113515889469317,0.04802096299187266
331,0.331,3.762854769503742,24.832929135211067,10.364380099236747,0.49770745313904596,0.04802095719894507
332,0.332,3.7876928346410272,24.8431545152395,10.087602805569677,0.4844163766229351,0.04802096057504106
333,0.333,3.812540987800938,24.853106724448853,9.818000223138302,0.4714698125576197,0.04802096168693256
334,0.334,3.8373989596617077,24.86279284256682,9.555397912764658,0.45885938913644936,0.04802096085642632
335,0.335,3.862266487568393,24.87221978494674,9.299624988439096,0.44657690779350767,0.048020958732064294
336,0.336,3.887143315746745,24.881394296565766,9.050513184471678,0.4346143413135333,0.048020961072043775
337,0.337,3.912029195022572,24.89032295761644,8.807899750534062,0.42296383185457653,0.048020963434436265
338,0.338,3.93692388234583,24.89901219731742,8.571625364196192,0.411617688892061,0.048020961183324024
339,0.339,3.9618271418649487,24.907468264635874,8.341532282683643,0.40056838709247883,0.04802095988095939
340,0.34,3.986738743482135,24.91569726362903,8.117467069323714,0.3898085641244407,0.048020960331030524
341,0.341,4.011658463164764,24.923705145742506,7.8992795264835065,0.37933101841439176,0.04802096408193029
342,0.342,4.036586082696807,24.931497716476706,7.6868250940824465,0.3691287068538361,0.04802095824165463
343,0.343,4.061521389400652,24.93908064077023,7.4799575304042785,0.35919474246455074,0.048020960146432395
344,0.34400000000000003,4.086464176254463,24.946459439588324,7.278538050412647,0.3495223920278278,0.04802096102362371
345,0.34500000000000003,4.1114142421825814,24.9536394832149,7.082429639746872,0.34010507368345455,0.04802096045893228
346,0.34600000000000003,4.136371391009771,24.960626016816587,6.891498103329479,0.3309363545037575,0.04802095996280878
347,0.34700000000000003,4.161335431885433,24.96742414937465,6.705612671082303,0.32200994804770044,0.048020958537667406
348,0.34800000000000003,4.1863061787767615,24.97403886559862,6.524644293209878,0.31331971189972047,0.04802096448779417
349,0.34900000000000003,4.211283450542783,24.9804750251404,6.348470334617331,0.30485964519764636,0.04802096081874855
350,0.35000000000000003,4.236267071074432,24.986737358305216,6.1769670415047235,0.29662388615378654,0.04802095982715949
351,0.35100000000000003,4.261256869029312,24.992830471743925,6.010015353983174,0.2886067095729609,0.048020960442586066
352,0.352,4.286252677438114,24.998758858804987,5.847498794637481,0.28080252437101566,0.04802096319002733
353,0.353,4.311254333769573,25.00452689797648,5.689304635756143,0.2732058710970786,0.048020960132813824
354,0.354,4.336261679767084,25.010138857011032,5.53532098708937,0.2658114194626129,0.04802095851037252
355,0.355,4.361274560678541,25.015598912005462,5.385439231187235,0.25861396588005164,0.04802096073843163
356,0.356,4.386292822032788,25.02091123804644,5.2395540604636475,0.25160843101363134,0.04802096287396003
357,0.357,4.411316319716959,25.026079736404494,5.097562494438817,0.24478985734479827,0.04802096249175005
358,0.358,4.436344925864222,25.03110786332207,4.959363277706686,0.23815340675440289,0.048020964268729684
359,0.359,4.461378493758948,25.03599959181613,4.824858768910459,0.23169435812368577,0.048020961694596215
360,0.36,4.486416885171921,25.040758665950573,4.693952529842289,0.22540810495591346,0.048020959633242585
361,0.361,4.511459970187845,25.045388609898502,4.566551238604999,0.21929015302034638,0.0480209553254319
362,0.362,4.536507621792541,25.04989287199225,4.442562341244208,0.21333611802006344,0.04802096214598429
363,0.363,4.5615597162151715,25.054274815034116,4.32189811327852,0.2075417232850469,0.048020966215607794
364,0.364,4.586616132459503,25.05853772910754,4.20447216746809,0.20190279749176282,0.04802096183534676
365,0.365,4.611676753283973,25.062684804341707,4.0901986321605275,0.19641527241038,0.04802096183446949
366,0.366,4.636741464641928,25.066719145756192,3.978995381789793,0.1910751806806165,0.04802096065632248
367,0.367,4.661810155285008,25.07064378429461,3.8707818116616637,0.1858786536171199,0.048020958726507294
368,0.368,4.686882716821775,25.0744616744327,3.7654789955795738,0.18082191904515746,0.04802096074826883
369,0.369,4.711959040301492,25.078175789359058,3.6630106747905544,0.17590129916731342,0.04802096275009387
370,0.37,4.737039020755263,25.081788998640643,3.563302304700499,0.17111320846177738,0.048020963092593884
371,0.371,4.7621225726382885,25.08530363605861,3.4662808203465474,0.1664541516127414,0.048020965478526884
372,0.372,4.787209596506543,25.088722417852075,3.3718759088889843,0.16192072147332603,0.048020960986870385
373,0.373,4.81229999170002,25.09204809446534,3.280017454954155,0.1575095970613837,0.048020963066364296
374,0.374,4.837393665816146,25.09528319226823,3.190638907645391,0.15321754158846507,0.04802095944524654
375,0.375,4.862490530199931,25.098430138059975,3.1036737645182533,0.14904140052215276,0.04802096219841801
376,0.376,4.887590498326311,25.101491301859273,3.019058742697055,0.14497809968192096,0.048020960185890846
377,0.377,4.912693485695113,25.104468999204176,2.9367309771023495,0.14102464336860757,0.04802096088071217
378,0.378,4.9377994099705464,25.107365487133137,2.8566298390331095,0.13717811252754594,0.04802096185271836
379,0.379,4.962908191071691,25.11018296194499,2.778696321801893,0.13343566294534095,0.0480209592888554
380,0.38,4.988019751044798,25.112923562325218,2.7028721782464618,0.12979452348024095,0.04802096248755927
381,0.381,5.013134014038749,25.11558937055545,2.629101884333957,0.12625199432600176,0.04802095920218998
382,0.382,5.038250906277079,25.11818241241975,2.557329956363102,0.12280544530911339,0.04802096225539888
383,0.383,5.063370355982194,25.12070466012633,2.4875036802025807,0.11945231421921382,0.04802095979592107
384,0.384,5.088492293321698,25.123158032778925,2.4195705828156098,0.11619010517248438,0.048020961239029485
385,0.385,5.113616650356335,25.125544398508957,2.3534803133939657,0.11301638700779572,0.04802096128215078
386,0.386,5.13874336099417,25.12786557490543,2.2891832290143777,0.10992879171533597,0.048020966745709784
387,0.387,5.16387236093226,25.130123331694175,2.226632071261104,0.10692501289743886,0.048020961467998356
388,0.388,5.1890035873395775,25.132319398518582,2.1657793142324384,0.10400280426129563,0.048020961128329306
389,0.389,5.214136975238482,25.134455566194887,2.1065795085147783,0.10115997814322349,0.04802096371598396
390,0.39,5.239272467273844,25.136533417601434,2.0489885402434336,0.09839440406413577,0.0480209635786669
391,0.391,5.2644100135802745,25.138554325904106,1.9929632310476635,0.09570400731585091,0.0480209598576192
392,0.392,5.289549557470169,25.140519850785,1.938461191974128,0.09308676757785268,0.04802096011169208
393,0.393,5.314691039760397,25.142431622072912,1.885441495968357,0.09054071756411158,0.04802096366167551
394,0.394,5.339834406640509,25.14429112371501,1.8338645302368237,0.08806394169955319,0.048020963515871415
395,0.395,5.364979606408882,25.146099782630536,1.7836913969441361,0.08565457482576082,0.048020960897443545
396,0.396,5.390126589853429,25.14785895789758,1.7348840884594883,0.08331080093548283,0.04802096087552436
397,0.397,5.41527530839472,25.149569990645734,1.6874059193189352,0.08103085193550788,0.04802095986969944
398,0.398,5.440425714479627,25.151234193812467,1.6412208797381849,0.07881300643747134,0.04802096257149979
399,0.399,5.465577761874897,25.152852844377367,1.5962943469874638,0.07665558857614056,0.04802096099682709
400,0.4,5.490731405577482,25.154427185708478,1.5525921096258395,0.07455696685473238,0.04802096210105044
401,0.401,5.515886601964353,25.15595842337687,1.5100812280705957,0.0725155530168042,0.04802096183226914
402,0.402,5.5410433086038395,25.157447730205995,1.46872936362294,0.07052980094426502,0.048020964713531664
403,0.403,5.566201484090597,25.15889625094383,1.428505380358567,0.06859820558104353,0.048020964095931366
404,0.404,5.591361088158765,25.16030509914638,1.3893786524863982,0.06671930188195793,0.04802096373264314
405,0.405,5.616522081568229,25.161675360251227,1.3513194586375135,0.06489166378632283,0.048020964525849974
406,0.406,5.64168442618092,25.163008089518947,1.3142991474987673,0.06311390321583693,0.048020957280500806
407,0.40700000000000003,5.66684808553994,25.164304295888023,1.2782890641220195,0.061384669096292165,0.04802096084460648
408,0.40800000000000003,5.692013022295853,25.16556501327201,1.2432622155811899,0.059702646402645936,0.0480209610285121
409,0.40900000000000003,5.717179198673542,25.166791289344424,1.2091918134646091,0.05806655522700441,0.048020962911277526
410,0.41000000000000003,5.742346583097785,25.167984000175707,1.1760520223186586,0.056475149869061776,0.04802096233610275
411,0.41100000000000003,5.767515148497629,25.169143895071095,1.143817559761775,0.054927217948549774,0.04802096058045268
412,0.41200000000000003,5.792684858617065,25.170271975149127,1.1124637849098327,0.05342157953924851,0.04802096055969897
413,0.41300000000000003,5.817855677783674,25.171369230133287,1.0819668978160712,0.05195708632412043,0.04802095741468134
414,0.41400000000000003,5.843027578814032,25.172436414845617,1.0523034826949043,0.05053262077112642,0.04802095745394146
415,0.41500000000000004,5.868200535459172,25.17347425545098,1.023450862126811,0.049147095329294496,0.04802096236175227
416,0.41600000000000004,5.893374518096558,25.174483571281375,0.9953871255252716,0.04779945164460958,0.04802096633446563
417,0.417,5.91854949600463,25.175465213487144,0.9680909420543015,0.04648865979530365,0.04802096350230704
418,0.418,5.943725441470579,25.176419950202007,0.9415413638710164,0.04521371754612655,0.048020957210245796
419,0.419,5.968902328366245,25.177348506108366,0.9157179144686612,0.04397364962118545,0.04802095593674264
420,0.42,5.994080130886623,25.17825159712292,0.8906008282501028,0.04276750699494591,0.048020960275747385
421,0.421,6.019258824009405,25.179129917529888,0.8661710775338043,0.04159436620099219,0.04802095946152032
422,0.422,6.044438383381571,25.179984143019308,0.8424098078659416,0.04045332865815288,0.04802096115266324
423,0.423,6.069618785255241,25.18081493262993,0.8192988954185833,0.039343520013600246,0.048020960645259354
424,0.424,6.094800006599383,25.18162292559674,0.7968205990767047,0.038264089502541856,0.04802095923082233
425,0.425,6.119982024826372,25.18240874890919,0.7749575922345303,0.03721420932412461,0.048020962304298885
426,0.426,6.145164818344781,25.18317300178464,0.7536932207803901,0.03619307403318267,0.04802096268785274
427,0.427,6.170348365327369,25.18391629005344,0.7330111799850699,0.03519989994746143,0.048020959173062525
428,0.428,6.1955326456279005,25.1846391730706,0.7128954653093635,0.0342339245699614,0.0480209599244757
429,0.429,6.220717638638085,25.185342223003687,0.6933306738941742,0.033294406026047545,0.04802096211760768
430,0.43,6.245903325011074,25.186025977195953,0.6743018611147478,0.03238062251497907,0.04802095972484462
431,0.431,6.271089685800444,25.186690961859046,0.6557943117496448,0.031491871775519965,0.04802095902829707
432,0.432,6.296276702169876,25.187337700183715,0.6377937670259216,0.030627470565295616,0.048020962494057795
433,0.433,6.321464356608433,25.187966678795213,0.6202864957335893,0.029786754153570242,0.04802096185947524
434,0.434,6.34665263112695,25.188578397438583,0.6032589993383797,0.02896907582712206,0.04802095925447229
435,0.435,6.371841508992012,25.189173321064565,0.5866980930107246,0.028173806408903858,0.04802096128236239
436,0.436,6.39703097358596,25.189751911544867,0.5705910997690283,0.02740033378917832,0.048020962472547855
437,0.437,6.422221008616843,25.190314621715682,0.5549256605432028,0.026648062468827918,0.04802095913665769
438,0.438,6.447411598836001,25.190861875331308,0.5396896128425388,0.025916413114541424,0.04802095963648435
439,0.439,6.47260272853617,25.19139410899874,0.5248712397093223,0.025204822125588708,0.0480209625117721
440,0.44,6.4977943832294995,25.19191172563036,0.5104591995983893,0.0245127412118982,0.04802096079605174
441,0.441,6.522986548353168,25.19241513000408,0.4964423326640143,0.023839636983160564,0.04802095916202803
442,0.442,6.548179209807804,25.192904714047778,0.4828097851998244,0.023184990548684774,0.04802096241502026
443,0.443,6.573372354314763,25.19338084719996,0.4695511321426967,0.022548297127741715,0.04802096211513186
444,0.444,6.598565968169133,25.193843910523956,0.4566561370056049,0.021929065670133915,0.048020959082971354
445,0.445,6.623760038819611,25.194294252950233,0.44411478355699413,0.02132681848673641,0.04802096051819337
446,0.446,6.648954553516744,25.19473222915426,0.43191743345671035,0.020741090889760092,0.04802096253389342
447,0.447,6.674149500087008,25.195158177878774,0.4200547217637127,0.020171430842492913,0.048020959644966575
448,0.448,6.699344866863692,25.195572423473674,0.40851742347387554,0.019617398618281514,0.04802095942802801
449,0.449,6.724540641999473,25.195975295476547,0.39729662739022303,0.019078566468519204,0.04802096255848736
450,0.45,6.749736814578523,25.1963670977985,0.38638373244263013,0.018554518299413812,0.04802096139533713
451,0.451,6.774933373181443,25.196748147949112,0.37577027077159436,0.018044849357311522,0.04802096057322156
452,0.452,6.800130307473725,25.19711873340048,0.365448034682692,0.017549165922360728,0.048020961277293946
453,0.453,6.82532760626428,25.197479166364467,0.35540904410702207,0.01706708501030204,0.048020964275638234
454,0.454,6.850525259769738,25.19782971979559,0.34564557456174355,0.016598234082178157,0.04802096512655674
455,0.455,6.875723259759787,25.198170622866748,0.3361500987128588,0.016142250761760426,0.048020960944441735
456,0.456,6.9009215970410205,25.198502130354527,0.32691520781729844,0.015698782560494028,0.04802096135358601
457,0.457,6.926120260464736,25.19882455256978,0.3179337781173093,0.015267486609769272,0.048020964303251756
458,0.458,6.951319241133183,25.199138137851907,0.3091988906070279,0.014848029400329492,0.04802096595876986
459,0.459,6.9765185312995985,25.199443102057664,0.30070382457485356,0.014440086528632429,0.04802096065471854
460,0.46,7.001718123459186,25.199739653161675,0.292441925412475,0.014043342449984328,0.04802096152997517
461,0.461,7.026918007461236,25.20002807364005,0.2844068336555184,0.013657490238272363,0.048020963711493315
462,0.462,7.052118175559053,25.20030857973581,0.27659233551971807,0.0132822313521234,0.04802096676744869
463,0.463,7.077318619725721,25.200581395261892,0.26899244342776646,0.012917275407322801,0.048020960153074055
464,0.464,7.102519334503749,25.200846671356743,0.26160117391179655,0.012562339955329705,0.04802096170854845
465,0.465,7.127720310353563,25.20110467339012,0.25441285452602797,0.012217150267730388,0.048020962975675825
466,0.466,7.152921539979639,25.201355605020712,0.2474219088182367,0.01188143912647442,0.04802096622414658
467,0.467,7.17812301701076,25.20159964401606,0.24062298137545898,0.01155494661974217,0.04802096023285602
468,0.468,7.203324735936005,25.201836943315122,0.23401073962600913,0.011237419943296752,0.04802095818874019
469,0.46900000000000003,7.228526688688792,25.202067727070265,0.227580066590247,0.010928613207175895,0.04802095970405276
470,0.47000000000000003,7.253728868324473,25.20229218905983,0.22132602260823805,0.010628287247584202,0.048020956245154164
471,0.47100000000000003,7.278931269279019,25.202510484545375,0.2152437029743123,0.010336209443848294,0.04802096089696915
472,0.47200000000000003,7.304133886427708,25.20272275591937,0.20932844229099384,0.010052153540302294,0.04802096375574461
473,0.47300000000000003,7.329336712846183,25.202929195639037,0.20357566916208947,0.009775899472972966,0.0480209620000771
474,0.47400000000000003,7.354539742170479,25.203129981245752,0.1979808841028927,0.009507233200938405,0.04802096547865398
475,0.47500000000000003,7.3797429694131385,25.203325251964554,0.192539803944584,0.00924594654223625,0.04802096165475155
476,0.47600000000000003,7.40494639005322,25.203515133513992,0.18724818156519626,0.008991837014201455,0.04802095774196166
477,0.47700000000000004,7.430149997992339,25.203699795332536,0.18210189346180153,0.008744707678116168,0.0480209596499912
478,0.47800000000000004,7.455353787385558,25.203879400477746,0.1770969923387029,0.008504366988057115,0.04802095662806219
479,0.47900000000000004,7.4805577536956305,25.204054075624992,0.17222956204753306,0.008270628643829585,0.04802095845512864
480,0.48,7.505761893014683,25.204223929528837,0.16749583546698094,0.008043311447878891,0.048020963777720305
481,0.481,7.530966199983037,25.204389111065296,0.16289218173781708,0.007822239166073944,0.048020961366115285
482,0.482,7.556170669446464,25.204549763928398,0.15841498469689705,0.007607240392259608,0.04802096472637929
483,0.483,7.5813752969621655,25.20470601221379,0.15406080020519633,0.00739814841647753,0.048020965791582305
484,0.484,7.606580078897536,25.20485795719187,0.14982626981179822,0.007194801096757487,0.04802095857952759
485,0.485,7.63178501116582,25.20500571228969,0.14570805729352032,0.0069970407343841225,0.048020959611649996
486,0.486,7.656990088866698,25.20514941396122,0.14170300030085867,0.006804713952545971,0.04802095889359047
487,0.487,7.68219530792149,25.205289176136827,0.137807995242319,0.006617671578276661,0.04802095529102119
488,0.488,7.707400664779924,25.20542509790234,0.1340199842343445,0.006435768527599797,0.048020961682448404
489,0.489,7.732606156315136,25.205557266099152,0.1303360690494002,0.006258863693792143,0.04802096410794695
490,0.49,7.757811778190413,25.20568580132055,0.12675339168636496,0.0060868198386811725,0.04802096226144567
491,0.491,7.7830175263310615,25.205810817299938,0.12326914772287254,0.005919503486895846,0.04802096547470073
492,0.492,7.808223397541359,25.205932403312364,0.11988065823471071,0.005756784822991294,0.04802096441379442
493,0.493,7.833429389056244,25.206050636427232,0.11658528960608434,0.005598537591370083,0.04802096053701364
494,0.494,7.8586354971434735,25.206165620425594,0.11338046287341827,0.005444638998925153,0.04802096287967821
495,0.495,7.883841718465672,25.206277448409875,0.11026372023242374,0.005294969620330982,0.04802095928896441
496,0.496,7.909048049635811,25.20638621494,0.10723262573198081,0.005149413305911936,0.04802095696866058
497,0.497,7.934254487898143,25.206491997067328,0.10428482374433941,0.005007857092018174,0.04802095752969042
498,0.498,7.959461030740932,25.206594864889567,0.10141803123801331,0.004870191113841852,0.04802095893985779
499,0.499,7.984667674670303,25.20669491581238,0.0986300290561945,0.004736308520607479,0.04802095838285686
500,0.5,8.009874418502667,25.206792182272668,0.09591864046383787,0.0046061053930727585,0.04802096204448705
501,0.501,8.035081258255833,25.20688677484339,0.09328177738032246,0.0044794806632772145,0.0480209617470491
502,0.502,8.060288191162167,25.206978770692757,0.09071738711053895,0.004356336036478203,0.04802096020655904
503,0.503,8.085495214688073,25.207068240545905,0.08822347242224553,0.004236575915215042,0.04802096084972043
504,0.504,8.110702326246162,25.20715525663726,0.08579810817761521,0.004120107325443742,0.04802095772222028
505,0.505,8.135909523634018,25.207239880473377,0.08343940106136885,0.004006839844686476,0.04802095645125119
506,0.506,8.161116804341141,25.207322182035306,0.08114551098450068,0.0038966855321410855,0.04802096240278009
507,0.507,8.186324166772232,25.207402205527895,0.07891467991693236,0.0037895588606977966,0.04802096219216481
508,0.508,8.211531608111903,25.207480029263618,0.07674516523461769,0.0036853766508112475,0.04802096183576751
509,0.509,8.236739126114708,25.20755571585134,0.07463528245133717,0.0035840580061778362,0.048020961245971994
510,0.51,8.26194671865503,25.207629324623205,0.07258339303650076,0.003485524251169194,0.04802096051663488
511,0.511,8.287154383620248,25.207700914549058,0.0705878976584348,0.00338969886997442,0.048020963683841525
512,0.512,8.312362119152057,25.207770537529647,0.06864725474875417,0.003296507447404504,0.048020965433644376
513,0.513,8.33756992333483,25.2078382469944,0.06675996528351628,0.0032058776113140135,0.04802095983272743
514,0.514,8.362777794686417,25.207904084074297,0.06492454709122482,0.003117738976596065,0.04802095842448253
515,0.515,8.387985730924466,25.20796811222804,0.06313957850603683,0.0030320230907078163,0.048020958683116996
516,0.516,8.41319373036758,25.20803037831759,0.061403674140710636,0.0029486633806850336,0.048020960014998025
517,0.517,8.43840179104149,25.20809093743911,0.059715488584546964,0.0028675951016051177,0.048020960216127034
518,0.518,8.463609911360196,25.208149833893035,0.058073707599045704,0.002788755286459369,0.048020961666742204
519,0.519,8.488818089420654,25.20820712086403,0.05647705867241892,0.0027120826973960218,0.04802096215964043
520,0.52,8.514026323885016,25.20826283583635,0.05492430368267203,0.0026375177782969176,0.04802095978376551
521,0.521,8.539234613220268,25.20831702163964,0.053414230902130294,0.002565002608651387,0.04802095930860044
522,0.522,8.564442955782182,25.208369724138645,0.05194566762516828,0.002494480858692165,0.04802096060622311
523,0.523,8.58965135095073,25.208420960506377,0.05051747697440553,0.0024258977457588746,0.04802096009244376
524,0.524,8.614859796703291,25.20847078686974,0.049128546073496225,0.002359199991855724,0.04802096093636406
525,0.525,8.64006829176729,25.208519238611732,0.047777798464005566,0.00229433578237088,0.048020960699965434
526,0.526,8.665276834559146,25.208566359802774,0.046464183901629326,0.002231254725925808,0.04802096020129531
527,0.527,8.690485423723995,25.208612188256478,0.0451866789405442,0.00216990781532388,0.04802096250930512
528,0.528,8.71569405792439,25.208656761388564,0.04394429854777925,0.0021102473895681846,0.04802095969910133
529,0.529,8.74090273604041,25.208700110479487,0.04273607084396384,0.002052227096919482,0.04802095879175436
530,0.53,8.766111456928654,25.208742267421595,0.04156105565370051,0.00199580185896585,0.048020961632820026
531,0.531,8.791320219645378,25.208783258399833,0.04041834798648866,0.0019409278356765022,0.04802095910316101
532,0.532,8.816529022845918,25.208823120797632,0.039307051669280064,0.001887562391412847,0.04802096090274936
533,0.533,8.841737876489669,25.208861572857067,0.038226308393816286,0.001835664061870749,0.04802096092982123
534,0.534,8.866946757001775,25.208899272092722,0.037175276809154244,0.0017851925219284862,0.04802096111060808
535,0.535,8.892155688128144,25.20893555427275,0.03615314053581027,0.0017361085543757637,0.04802096107407654
536,0.536,8.917364641617997,25.208971209038104,0.03515910533839542,0.0016883740194996387,0.04802096080800594
537,0.537,8.942573636516501,25.209005705272368,0.034192399299408024,0.0016419518255040258,0.048020959603512034
538,0.538,8.967782666374283,25.209039219630338,0.033252268424659316,0.0015968058997399756,0.04802096143780108
539,0.539,8.992991725781105,25.209071908039444,0.03233798653066374,0.0015529011607245565,0.048020960094471384
540,0.54,9.018200822764197,25.20910354181777,0.03144883904427257,0.0015102034909268481,0.04802096156239143
541,0.541,9.043409941862866,25.209134557137936,0.030584138478291036,0.0014686797103000034,0.04802096064737899
542,0.542,9.06861910347069,25.20916438043489,0.02974321047190438,0.0014282975505390642,0.04802096101522877
543,0.543,9.093828281774494,25.20919373593577,0.028925402104945742,0.0013890256300446062,0.04802096181774797
544,0.544,9.119037501784348,25.209221923341655,0.028130079075740513,0.0013508334295729955,0.04802096097689108
545,0.545,9.144246737650828,25.209249665708434,0.027356621792391726,0.0013136912685543947,0.048020961013532426
546,0.546,9.169456006034432,25.209276498211647,0.026604430622292338,0.0012775702820603317,0.04802095937320426
547,0.547,9.19466530093933,25.209302585739994,0.025872918227706,0.001242442398402991,0.04802096104769976
548,0.548,9.219874620153194,25.2093279938222,0.025161519487832778,0.0012082803173489951,0.04802095986028494
549,0.549,9.245083966593171,25.209352637501638,0.024469678380168964,0.0011750574889308385,0.04802096172555925
550,0.55,9.270293332843993,25.209376727335833,0.02379686046712082,0.0011427480928396037,0.04802096034552514
551,0.551,9.295502729069778,25.20939997626366,0.023142540035401404,0.0011113270183830855,0.048020961255034064
552,0.552,9.320712140370379,25.20942280328223,0.02250621018943893,0.0010807698449937955,0.04802096114346912
553,0.553,9.345921583118544,25.209444748954454,0.021887375902403777,0.0010510528232718483,0.04802096093924245
554,0.554,9.371131038707288,25.20946633460464,0.021285555841416146,0.0010221528565480212,0.048020961452140146
555,0.555,9.396340523770544,25.209487094776037,0.020700282965931387,0.000994047482952806,0.048020961094532556
556,0.556,9.421550021134768,25.209507509719366,0.02013110192903204,0.0009667148579775305,0.048020960868683696
557,0.557,9.446759542196885,25.209527261583933,0.01957757083579033,0.0009401337375141307,0.04802095956641591
558,0.558,9.471969083215509,25.20954645294428,0.019039257742655948,0.0009142834613604097,0.048020961411328035
559,0.559,9.497178641357374,25.209565165653274,0.01851574679502375,0.0008891439371780679,0.04802096005206942
560,0.56,9.52238822063111,25.209583285231563,0.018006628662793567,0.000864695624891083,0.048020961673840235
561,0.561,9.547597813095702,25.209601035972188,0.01751150980937804,0.0008409195215123603,0.04802096053773832
562,0.562,9.572807429295276,25.209618121044407,0.017030003733917585,0.000817797146386951,0.048020961073437465
563,0.5630000000000001,9.598017055538918,25.20963492480602,0.016561736801744952,0.0007953105268403744,0.04802096159121307
564,0.5640000000000001,9.62322670534383,25.20965106852146,0.016106345416845275,0.0007734421842209908,0.04802096094450232
565,0.5650000000000001,9.648436364392898,25.209666952863856,0.01566347491984712,0.0007521751203255736,0.04802096113248127
566,0.5660000000000001,9.673646042107118,25.209682314895037,0.015232782003148867,0.0007314928041976199,0.04802095927365128
567,0.5670000000000001,9.698855734916055,25.209697252890713,0.014813930142823218,0.0007113791592881357,0.04802096084088608
568,0.5680000000000001,9.724065441872654,25.20971179545653,0.014406595670650559,0.0006918185509690055,0.04802095975931315
569,0.5690000000000001,9.749275164052785,25.20972591053185,0.01401046025021587,0.0006727957743892266,0.048020961651053566
570,0.5700000000000001,9.774484898060052,25.20973969496628,0.013625217807532739,0.0006542960426646462,0.04802096024497435
571,0.5710000000000001,9.799694648626877,25.2097530147564,0.013250567192335538,0.0006363049753920383,0.04802096137892822
572,0.5720000000000001,9.824904408173323,25.2097660833108,0.012886218345906338,0.0006188085874786129,0.048020960910940526
573,0.5730000000000001,9.850114185631035,25.209778649746276,0.012531887454461583,0.0006017932782783343,0.0480209609657869
574,0.5740000000000001,9.875323970013664,25.209791022033748,0.012187298966361507,0.0005852458210265968,0.048020962039410836
575,0.5750000000000001,9.9005337704859,25.209802943970026,0.0118521861708241,0.0005691533525651049,0.048020959539613
576,0.5760000000000001,9.92574358637754,25.209814430463048,0.011526286225621893,0.0005535033633489806,0.048020962911591816
577,0.577,9.950953419292086,25.209825433713718,0.011209347759764092,0.0005382836877283441,0.048020964222424356
578,0.578,9.976163250350798,25.209836489647447,0.010901123832684686,0.0005234824944968559,0.04802096577669412
579,0.579,10.001373091588382,25.209847264423015,0.010601375148468678,0.0005090882776998942,0.04802096620205255
580,0.58,10.026582943279362,25.209857747132236,0.010309868695406831,0.00049508984769523,0.048020965380073014
581,0.581,10.051792805493847,25.209867934989127,0.010026377847665682,0.0004814763224592629,0.04802096328050903
582,0.582,10.077002677883891,25.209877838367014,0.00975068204451461,0.0004682371191321118,0.04802096068710655
583,0.583,10.102212559160817,25.209887495685066,0.009482566384119586,0.0004553619457949709,0.048020960502587536
584,0.584,10.127422450185287,25.209896881284347,0.00922182284993186,0.0004428407934733794,0.048020960788316545
585,0.585,10.152632350957306,25.209905995164853,0.008968248750349203,0.000430663928360178,0.048020961544293576
586,0.586,10.177842260425304,25.2099148672672,0.008721647128984829,0.0004188218842521506,0.0480209618731617
587,0.587,10.203052178192612,25.20992350888551,0.008481826331897197,0.0004073054551944672,0.048020961436422385
588,0.588,10.228262104846708,25.20993190329281,0.00824859982518419,0.0003961056883272237,0.0480209607354032
589,0.589,10.253472040387596,25.20994005048911,0.00802178629441642,0.00038521387692854353,0.04802095977010412
590,0.59,10.278681982467319,25.209948015652934,0.0078012092253063985,0.00037462155364881907,0.048020959678094714
591,0.591,10.303891932365309,25.209955763267693,0.007586697249462451,0.00036432048393087504,0.04802095983949915
592,0.592,10.329101890239809,25.209963288940525,0.007378083618074742,0.00035430265961092623,0.048020960177648266
593,0.593,10.35431185609082,25.209970592671432,0.00717520615427612,0.0003445602926953792,0.04802096069254203
594,0.594,10.379521829342268,25.20997769110276,0.0069779071545770085,0.00033508580930863204,0.048020961283332594
595,0.595,10.404731808423088,25.209984629621086,0.006786033274650487,0.00032587184380719977,0.04802096167499027
596,0.596,10.429941794600554,25.2099913716161,0.006599435314640938,0.0003169112330555764,0.04802096208936309
597,0.597,10.455151787874662,25.209997917087797,0.006417968208980556,0.0003081970108594093,0.04802096252645103
598,0.598,10.480361788245416,25.210004266036183,0.0062414908805023366,0.00029972240255164527,0.048020962986254107
599,0.599,10.505571796384203,25.210010400268757,0.0060698661016973,0.00029148081972746906,0.048020963699011925
600,0.6,10.530781806804322,25.210016468457063,0.00590296067998132,0.0002834658551239323,0.048020962783175664
601,0.601,10.555991824023048,25.21002234819787,0.005740644655519095,0.0002756712776403031,0.04802096178784918
602,0.602,10.581201847855004,25.210028044514278,0.005582791844841697,0.0002680910274952766,0.048020960649461306
603,0.603,10.606411878114812,25.210033562429402,0.005429279533221681,0.00026071921151727204,0.04802095930444087
604,0.604,10.631621914191545,25.21003891956236,0.0052799881396387955,0.0002535500985641797,0.04802095986933885
605,0.605,10.65683195573234,25.21004412578498,0.005134801592119919,0.0002465781150689875,0.048020962571834636
606,0.606,10.682042002513164,25.210049186251307,0.00499360757017271,0.00023979784070783883,0.048020962267875035
607,0.607,10.707252054251892,25.210054108717124,0.004856296176769184,0.0002332040041871452,0.04802095994529973
608,0.608,10.732462110849369,25.210058895756568,0.004722760252709511,0.00022679147914649926,0.048020959568376556
609,0.609,10.75767217209657,25.210063553056905,0.004592896169646052,0.00022055528017419593,0.04802095933102551
610,0.61,10.782882237984307,25.210068080949473,0.004466603068177465,0.00021449055893226938,0.04802095813268432
611,0.611,10.808092308271021,25.210072486083977,0.004343782270384445,0.00020859260038804344,0.048020961319864226
612,0.612,10.833302382883739,25.21007677059151,0.004224338820717956,0.0002028568191492555,0.0480209632225425
613,0.613,10.858512461724459,25.21008093722202,0.004108180131767774,0.00019727875589992453,0.048020960515924194
614,0.614,10.883722544687313,25.21008498892463,0.003995215204238401,0.00019185407393418268,0.04802096110633805
615,0.615,10.90893263234705,25.21008890936652,0.0038853566083204803,0.0001865785557853879,0.04802096038902335
616,0.616,10.934142723876116,25.210092721342217,0.003778518704218354,0.00018144809994788657,0.04802096116272156
617,0.617,10.959352819632205,25.210096414577013,0.0036746186059997145,0.0001764587176888977,0.048020961250450765
618,0.618,10.98456291867239,25.21010001561834,0.003573575496755161,0.00017160652994802672,0.048020961108516384
619,0.619,11.009773021729528,25.210103503661145,0.0034753109617911447,0.0001668877643220128,0.048020958744940716
620,0.62,11.03498313175347,25.21010679181187,0.0033797483214849182,0.00016229875213235521,0.048020957980991916
621,0.621,11.06019324380617,25.210110021490124,0.00328681339088117,0.00015783592557355424,0.04802095732342128
622,0.622,11.085403364509682,25.210113001835936,0.003196433879710513,0.0001534958149397422,0.04802095732812207
623,0.623,11.110613479196296,25.21011615559986,0.003108539597093927,0.000149275045927553,0.04802095687219343
624,0.624,11.135823596903574,25.210119222347373,0.0030230621617490885,0.00014517033701313834,0.04802095664785981
625,0.625,11.161033717183036,25.210122221540097,0.0029399351176604537,0.00014117849690128417,0.04802095667119056
626,0.626,11.186243840347535,25.210125139601878,0.002859093837759281,0.00013729642204465708,0.048020956930975925
627,0.627,11.21145396639707,25.21012797653273,0.0027804754712277327,0.00013352109423124504,0.048020957427215905
628,0.628,11.236664095331642,25.21013073233264,0.0027040188953690106,0.0001298495782381227,0.04802095815991051
629,0.629,11.261874227151251,25.210133407001617,0.002629664668094809,0.00012627901954971325,0.04802095912905973
630,0.63,11.287084361418458,25.21013601384947,0.0025573549961710345,0.00012280664213878173,0.04802096006328895
631,0.631,11.312294497845876,25.210138561620237,0.002487033669418728,0.0001194297463084293,0.048020960784315614
632,0.632,11.337504636847411,25.210141037720227,0.002418646000561873,0.00011614570659341432,0.048020961548913166
633,0.633,11.362714778423065,25.210143442149437,0.0023521388196943256,0.00011295196971917155,0.0480209623570816
634,0.634,11.387924922572836,25.21014577490787,0.0022874604188855537,0.00010984605261693726,0.04802096320882092
635,0.635,11.413135069296727,25.210148035995523,0.002224560511983902,0.00010682554049344652,0.04802096410413113
636,0.636,11.438345218576636,25.210150225930782,0.0021633901959646267,0.00010388808495369643,0.04802096503325149
637,0.637,11.463555368539684,25.210152398357337,0.002103901956250508,0.00010103140217532092,0.0480209649861133
638,0.638,11.488765520960877,25.210154502434836,0.002046049497273429,9.825327113315226e-05,0.04802096492000064
639,0.639,11.513975675780086,25.210156539885507,0.0019897878409068015,9.555153187259854e-05,0.04802096480248521
640,0.64,11.539185832937186,25.210158512431583,0.0019350732456607951,9.292408383048767e-05,0.04802096460113873
641,0.641,11.564395992278808,25.21016042427736,0.0018818631764341378,9.036888420207844e-05,0.048020964187903706
642,0.642,11.589606153548788,25.21016228236407,0.0018301162713116822,8.788394635296455e-05,0.048020963329273234
643,0.643,11.61481631673033,25.21016408726025,0.0017797922958792793,8.546733827464256e-05,0.04802096203726892
644,0.644,11.64002648171283,25.21016584203195,0.0017308521255811518,8.311718108254087e-05,0.04802096022768751
645,0.645,11.665236648512568,25.21016754611696,0.0016832576544345088,8.083164755534199e-05,0.04802095944277611
646,0.646,11.690446817007672,25.210169202903575,0.0016369718891180622,7.860896071446602e-05,0.048020959453871574
647,0.647,11.715656987102982,25.210170815016177,0.0015919588414307702,7.644739244260629e-05,0.04802096037476656
648,0.648,11.740867158768609,25.21017238329015,0.0015481835362940338,7.434526214024921e-05,0.04802096159620278
649,0.649,11.766077332019673,25.210173907335964,0.0015056119795794055,7.230093541913013e-05,0.04802096184126237
650,0.65,11.791287506748104,25.21017539011725,0.001464211052840123,7.031282283161289e-05,0.04802096166070284
651,0.651,11.816497682895337,25.210176833249974,0.0014239485715224847,6.837937863500111e-05,0.048020960870721566
652,0.652,11.841707860369665,25.21017823936703,0.0013847931845278442,6.649909958982634e-05,0.04802096105961101
653,0.653,11.86691803942765,25.210179601283752,0.001346714482562058,6.467052379117524e-05,0.04802096110835814
654,0.654,11.892128219746374,25.21018092800032,0.0013096828422836766,6.289222953214947e-05,0.04802096164174001
655,0.655,11.917338401326534,25.210182219512998,0.0012736694997290078,6.116283419857238e-05,0.04802096164788879
656,0.656,11.942548584169396,25.210183475815096,0.001238646500374745,5.948099319408731e-05,0.048020959310095084
657,0.657,11.967758768235377,25.210184698021926,0.001204586516935288,5.784539889480877e-05,0.04802095829694257
658,0.658,11.992968953510161,25.210185886534276,0.0011714630680096617,5.625477963271551e-05,0.04802095872155276
659,0.659,12.018179139955178,25.2101870424336,0.0011392503874568898,5.4707898706995544e-05,0.04802096124726202
660,0.66,12.043389327553582,25.21018816618385,0.0011079235797291456,5.320355342257265e-05,0.048020959564358534
661,0.661,12.068599516162639,25.210189261760316,0.0010774581697367753,5.1740574155070326e-05,0.04802095859341864
662,0.662,12.093809706185555,25.210190317873934,0.001047830421749591,5.031782344148335e-05,0.0480209606411945
663,0.663,12.119019897367668,25.210191341392722,0.0010190173567711561,4.8934195095852874e-05,0.04802096330420227
664,0.664,12.144230089645951,25.210192334016295,0.0009909966589668501,4.7588613349254076e-05,0.04802096245093997
665,0.665,12.16944028285219,25.210193300476586,0.0009637465165809894,4.6280032013432165e-05,0.04802095905634641
666,0.666,12.194650476817415,25.210194245594717,0.0009372456061255712,4.50074336674335e-05,0.04802095989917444
667,0.667,12.219860671880927,25.210195159806766,0.0009114733892191665,4.376982886660071e-05,0.0480209618671337
668,0.668,12.24507086777453,25.210196050631023,0.0008864099069472717,4.256625537331756e-05,0.048020960776388996
669,0.669,12.27028106457482,25.210196915976343,0.0008620355827752229,4.1395777408903534e-05,0.048020961357110876
670,0.67,12.295491262227092,25.210197757300723,0.0008383315291543074,4.025748492607949e-05,0.048020960116686134
671,0.671,12.320701460558267,25.21019857954784,0.0008152792630201621,3.915049290143642e-05,0.04802096002835315
672,0.672,12.34591165991484,25.210199372901396,0.0007928608495645684,3.807394064735933e-05,0.04802096189800414
673,0.673,12.37112185993805,25.210200147459382,0.0007710589412850099,3.70269911428687e-05,0.048020960733768665
674,0.674,12.396332060751945,25.210200899788255,0.0007498565114253661,3.600883038286271e-05,0.0480209611228357
675,0.675,12.421542262338331,25.210201630319105,0.0007292370799202358,3.501866674525149e-05,0.048020962879564276
676,0.676,12.44675246457779,25.210202342429564,0.0007091846983726872,3.405573037549371e-05,0.048020960482704766
677,0.677,12.471962667502138,25.210203035240138,0.0006896836945123134,3.311927258805453e-05,0.048020959247809546
678,0.678,12.497172871086857,25.210203709502323,0.0006707188862866325,3.220856528432242e-05,0.04802096070775924
679,0.679,12.522383075369486,25.21020436410529,0.0006522755924969986,3.1322900386530304e-05,0.04802096038366549
680,0.68,12.547593280182173,25.21020500381074,0.0006343394453680909,3.0461589287241906e-05,0.04802096024403122
681,0.681,12.572803485762593,25.210205621894524,0.0006168964781415277,2.9623962313975482e-05,0.048020961966294747
682,0.682,12.598013691902553,25.210206224202974,0.0005999331922830591,2.8809368208547353e-05,0.04802096063215416
683,0.683,12.623223898640285,25.210206809706225,0.0005834363378616742,2.8017173620732838e-05,0.04802096099022097
684,0.684,12.64843410599196,25.21020737788386,0.0005673930931304953,2.724676261584869e-05,0.048020962795862196
685,0.685,12.67364431385903,25.210207931519506,0.0005517910457330272,2.649753619587619e-05,0.04802096083432365
686,0.686,12.698854522243062,25.210208470580778,0.000536618020172158,2.576891183375037e-05,0.04802095879203456
687,0.687,12.724064731128012,25.2102089955707,0.0005218621796982412,2.5060323020455823e-05,0.04802096031359576
688,0.6880000000000001,12.749274940590386,25.210209504295523,0.0005075121026435292,2.4371218824575197e-05,0.04802096087488433
689,0.6890000000000001,12.774485150457968,25.210210001620396,0.000493556628099161,2.3701063463948607e-05,0.0480209607461432
690,0.6900000000000001,12.799695360887654,25.2102104831269,0.0004799848838138323,2.3049335889111446e-05,0.0480209620477369
691,0.6910000000000001,12.824905571787575,25.21021095136641,0.0004667863666777025,2.241552937818532e-05,0.04802095986162842
692,0.6920000000000001,12.850115783106972,25.210211407819283,0.00045395075296879653,2.179915114290897e-05,0.04802096042432909
693,0.6930000000000001,12.875325994945465,25.210211849629847,0.00044146807497988616,2.1199721945501605e-05,0.048020962662968306
694,0.6940000000000001,12.900536207193134,25.210212279892428,0.0004293286723362944,2.0616775726061647e-05,0.048020961688560286
695,0.6950000000000001,12.925746419841468,25.210212698860026,0.00041752309050870784,2.0049859240210043e-05,0.048020959070267
696,0.6960000000000001,12.950956632818936,25.21021310857828,0.0004060421075187027,1.9498531706698014e-05,0.048020959761666815
697,0.6970000000000001,12.976166846304439,25.21021350399501,0.00039487681838722084,1.8962364464703933e-05,0.048020961428303484
698,0.6980000000000001,13.001377060101245,25.2102138906457,0.0003840185652083172,1.8440940640553987e-05,0.04802096125365813
699,0.6990000000000001,13.026587274333718,25.21021426504645,0.0003734588861692757,1.7933854823606193e-05,0.0480209615777556
700,0.7000000000000001,13.051797488922894,25.21021462938276,0.00036318958919510447,1.744071275104738e-05,0.04802096004375907
701,0.7010000000000001,13.077007703805036,25.210214985485937,0.00035320266362101605,1.6961131001356765e-05,0.04802096005582772
702,0.7020000000000001,13.102217919126524,25.210215329203578,0.00034349033897560475,1.649473669619861e-05,0.04802096252660572
703,0.7030000000000001,13.127428134776746,25.21021566364161,0.000334045100791104,1.6041167210511965e-05,0.04802096235664702
704,0.704,13.15263835073827,25.210215989303805,0.00032485960533273065,1.5600069890571733e-05,0.048020959314389634
705,0.705,13.177848566955388,25.21021630777682,0.00031592666456214686,1.5171101779802401e-05,0.04802096018336575
706,0.706,13.203058783528023,25.210216616249554,0.0003072393546715763,1.475392935213133e-05,0.048020961923652496
707,0.707,13.228269000400012,25.210216916287997,0.0002987909458209642,1.4348228252673861e-05,0.048020960652774704
708,0.708,13.253479217569542,25.21021720796417,0.00029057483888995006,1.3953683045548497e-05,0.04802096113639489
709,0.709,13.278689435037037,25.210217491236417,0.000282584663212086,1.3569986968626963e-05,0.048020960565869034
710,0.71,13.303899652729784,25.210217768172065,0.0002748141965842632,1.3196841695027592e-05,0.048020960558277384
711,0.711,13.329109870743677,25.210218036062614,0.00026725739144596453,1.283395710116726e-05,0.04802096223318896
712,0.712,13.354320089019655,25.210218296553293,0.0002599083867234109,1.24810510411908e-05,0.04802096307293414
713,0.713,13.379530307557038,25.21021854967384,0.0002527614865945581,1.2137849127603364e-05,0.04802095956601598
714,0.714,13.404740526292887,25.210218797206903,0.0002458110867611089,1.1804084517934603e-05,0.048020960622522216
715,0.715,13.429950745296667,25.21021903720904,0.0002390518078937347,1.1479497707269158e-05,0.04802096168363688
716,0.716,13.455160964532535,25.210219270669537,0.0002324784078221898,1.1163836326481614e-05,0.04802096001543606
717,0.717,13.480371183989705,25.210219497912036,0.00022608575073675534,1.0856854946019854e-05,0.048020960678150454
718,0.718,13.505581403695157,25.21021971815455,0.00021986887898723363,1.0558314885083626e-05,0.04802096110062343
719,0.719,13.530791623573814,25.21021993351946,0.00021382295975738366,1.0267984026050192e-05,0.04802096106845056
720,0.72,13.556001843702115,25.210220141858965,0.0002079432870136817,9.985636634002926e-06,0.04802096176033765
721,0.721,13.581212064031302,25.21022034452647,0.0002022252901342412,9.711053181222058e-06,0.04802096302977568
722,0.722,13.6064222845469,25.210220541936735,0.00019666454423946823,9.444020176501816e-06,0.04802095981776116
723,0.723,13.631632505249446,25.210220734079922,0.00019125669233394915,9.184329999160665e-06,0.04802096014043841
724,0.724,13.65684272614224,25.21022092087832,0.00018599754186776648,8.931780737616018e-06,0.048020961180046125
725,0.725,13.682052947217821,25.210221102525235,0.00018088301521681003,8.686176032397432e-06,0.04802095996678299
726,0.726,13.707263168451064,25.2102212797423,0.00017590912142609295,8.447324923476826e-06,0.04802096022647645
727,0.727,13.732473389896567,25.210221450977862,0.00017107199487792425,8.215041701796525e-06,0.0480209616288085
728,0.728,13.757683611481307,25.210221618289076,0.0001663678858897548,7.989145764880105e-06,0.0480209610295474
729,0.729,13.782893833248067,25.2102217804812,0.00016179312673949718,7.769461476413236e-06,0.04802096129165507
730,0.73,13.808104055177035,25.210221938094506,0.00015734415916778685,7.5558180296860414e-06,0.04802096289846232
731,0.731,13.833314277246835,25.21022209173501,0.00015301754189009383,7.348049314790232e-06,0.04802096036850489
732,0.732,13.858524499465764,25.21022224117227,0.00014880989256431872,7.145993789468039e-06,0.04802095926774083
733,0.733,13.88373472182603,25.210222386639412,0.00014471793682651007,6.949494353512575e-06,0.04802096067637923
734,0.734,13.908944944338135,25.210222527828762,0.00014073850582789867,6.758398226621614e-06,0.048020960481746804
735,0.735,13.934155166963915,25.210222665822208,0.00013686850033781185,6.572556829610368e-06,0.04802096036259854
736,0.736,13.959365389750149,25.210222799297437,0.00013310490630495954,6.391825668890415e-06,0.0480209621593209
737,0.737,13.984575612665505,25.210222929131252,0.00012944481270298018,6.216064224125364e-06,0.0480209603948251
738,0.738,14.009785835702791,25.21022305553813,0.00012588535788519918,6.0451358389754505e-06,0.048020960821260054
739,0.739,14.034996058875965,25.2102231781108,0.0001224237765366058,5.878907614846617e-06,0.048020962766891696
740,0.74,14.060206282160848,25.21022329753134,0.00011905739033808978,5.717250307561117e-06,0.048020961078734554
741,0.741,14.085416505557026,25.21022341381436,0.00011578357364754369,5.560038226869448e-06,0.04802095886066479
742,0.742,14.11062672905698,25.21022352718196,0.000112599771419316,5.4071491387255375e-06,0.048020960172197695
743,0.743,14.135836952685699,25.210223636923285,0.0001095035180699633,5.258464170248924e-06,0.04802096099678934
744,0.744,14.161047176401564,25.2102237442125,0.00010649240720794499,5.113867717300469e-06,0.048020960849488085
745,0.745,14.186257400238427,25.210223848097314,0.00010356409268626588,4.9732473545993695e-06,0.04802096195314706
746,0.746,14.211467624175338,25.210223949159396,0.0001007163074707362,4.836493748311862e-06,0.04802095976083256
747,0.747,14.236677848202978,25.21022404767223,9.794682439975141e-05,4.703500571043345e-06,0.048020960351372884
748,0.748,14.261888072343796,25.210224142992786,9.525349281112869e-05,4.574164419168189e-06,0.04802096263533319
749,0.749,14.287098296573177,25.21022423581383,9.263422819495979e-05,4.448384732432669e-06,0.04802096178823353
750,0.75,14.312308520889006,25.21022432619779,9.008699109286432e-05,4.326063715768753e-06,0.0480209591117248
751,0.751,14.337518745275831,25.210224414586353,8.760979118069172e-05,4.2071062632576135e-06,0.04802095983290981
752,0.752,14.362728969770465,25.2102244999403,8.52007072617927e-05,4.091419884184173e-06,0.04802096151165314
753,0.753,14.387939194334892,25.21022458332874,8.285787154835714e-05,3.978914631124865e-06,0.04802096115639066
754,0.754,14.413149418991434,25.210224664127157,8.057945757738866e-05,3.86950303001282e-06,0.048020961499977116
755,0.755,14.438359643725914,25.210224742726794,7.836369787667558e-05,3.7631000121261783e-06,0.048020960139583194
756,0.756,14.463569868523443,25.21022481955412,7.620886455679521e-05,3.65962284794637e-06,0.048020960149839385
757,0.757,14.48878009341365,25.21022489376925,7.41132808938173e-05,3.5589910828354284e-06,0.048020962503797726
758,0.758,14.513990318377186,25.210224965914474,7.207532490897919e-05,3.461126474481681e-06,0.04802096249795041
759,0.759,14.539200543407869,25.210225036166708,7.009341289153855e-05,3.3659529320658826e-06,0.048020959362819235
760,0.76,14.564410768493676,25.210225104868098,6.816599332403051e-05,3.2733964570999177e-06,0.048020960268849326
761,0.761,14.589620993654437,25.210225171461637,6.629157250385798e-05,3.1833850858922762e-06,0.04802096202661375
762,0.762,14.614831218882314,25.21022523616388,6.4468698660022e-05,3.095848833595847e-06,0.048020960527246206
763,0.763,14.640041444172539,25.210225299114068,6.269594723152052e-05,3.0107196397939147e-06,0.04802096104674959
764,0.764,14.665251669527951,25.21022536022589,6.0971943808600246e-05,2.927931315582765e-06,0.04802096066961495
765,0.765,14.690461894931856,25.210225419973316,5.9295346306620506e-05,2.8474194921091584e-06,0.04802096065659094
766,0.766,14.715672120405031,25.210225477769992,5.766484982789594e-05,2.769121570522923e-06,0.048020962142232664
767,0.767,14.740882345933953,25.21022553399263,5.60791891167487e-05,2.692976673305915e-06,0.04802096313660189
768,0.768,14.766092571519666,25.210225588614094,5.453713582559274e-05,2.6189255969391356e-06,0.04802095961391041
769,0.769,14.79130279714881,25.210225642012563,5.303748047711065e-05,2.5469107658714094e-06,0.048020960704771375
770,0.77,14.816513022835741,25.21022569378692,5.157906268037228e-05,2.4768761877539886e-06,0.048020961588674436
771,0.771,14.841723248572054,25.210225744169378,5.0160750951564605e-05,2.408767409905845e-06,0.04802095989814345
772,0.772,14.866933474356046,25.21022579321214,4.8781437272854006e-05,2.3425314769763286e-06,0.04802096059354744
773,0.773,14.892143700194262,25.210225840726252,4.744005186197076e-05,2.278116889771826e-06,0.04802096119962354
774,0.774,14.917353926069767,25.210225887190045,4.6135552299327825e-05,2.2154735652146097e-06,0.04802096116332584
775,0.775,14.942564151999129,25.210225932138375,4.486692315967207e-05,2.1545527974028737e-06,0.048020961672260595
776,0.776,14.967774377971828,25.210225975863068,4.363317785860842e-05,2.0953072197413073e-06,0.048020963005056996
777,0.777,14.992984603983837,25.210226018479197,4.2433361887012976e-05,2.0376907681132135e-06,0.04802095986499865
778,0.778,15.018194830037764,25.21022605991418,4.126653540616602e-05,1.981658645065165e-06,0.048020959975454275
779,0.779,15.043405056131695,25.210226100225455,4.013179331368937e-05,1.9271672849765005e-06,0.04802096108471494
780,0.78,15.068615282265569,25.210226139411,3.902825594640736e-05,1.874174320186716e-06,0.048020960064428346
781,0.781,15.09382550843234,25.210226177672208,3.7955062596158635e-05,1.8226385480541394e-06,0.04802096014033726
782,0.782,15.119035734645951,25.210226214613574,3.691137859545036e-05,1.7725198989204291e-06,0.04802096172964147
783,0.783,15.144245960890059,25.21022625069532,3.589639549749887e-05,1.7237794049561051e-06,0.0480209609089083
784,0.784,15.169456187172399,25.210226285701957,3.4909321427387454e-05,1.676379169862565e-06,0.04802096120228201
785,0.785,15.194666413490252,25.210226319706283,3.394938880550237e-05,1.630282339407414e-06,0.04802096287351085
786,0.786,15.219876639838601,25.210226352850192,3.30158550797615e-05,1.585453072769885e-06,0.04802096050336001
787,0.787,15.24508686621871,25.210226385098967,3.210799083381554e-05,1.5418565146742035e-06,0.0480209591018803
788,0.788,15.270297092629328,25.210226416490777,3.1225089006034524e-05,1.4994587682893254e-06,0.0480209605807542
789,0.789,15.295507319073096,25.210226446948617,3.036646604483855e-05,1.4582268688737172e-06,0.048020960579361685
790,0.79,15.320717545541324,25.21022647671871,2.9531453446843488e-05,1.4181287581449967e-06,0.048020960454846
791,0.791,15.345927772043387,25.21022650553618,2.8719400746221466e-05,1.3791332593542572e-06,0.04802096225965669
792,0.792,15.37113799857445,25.210226533535725,2.7929679984960313e-05,1.3412100530457829e-06,0.04802096027480455
793,0.793,15.396348225131023,25.21022656081842,2.716167343578244e-05,1.3043296534834178e-06,0.04802096073230564
794,0.794,15.42155845171731,25.210226587262806,2.6414784571084134e-05,1.2684633857250594e-06,0.04802096274196486
795,0.795,15.446768678327786,25.210226613024595,2.5688435469980556e-05,1.2335833633275627e-06,0.04802096121303788
796,0.796,15.471978904962269,25.21022663810963,2.4982059790974484e-05,1.199662466664798e-06,0.04802095890820868
797,0.797,15.497189131618523,25.210226662583032,2.429510613648801e-05,1.1666743218417766e-06,0.04802096007679453
798,0.798,15.522399358303172,25.210226686256732,2.3627042323472637e-05,1.1345932801887305e-06,0.04802096109429456
799,0.799,15.547609585006576,25.210226709402754,2.2977349404956174e-05,1.1033943983189643e-06,0.04802096094169
800,0.8,15.572819811736077,25.210226731814476,2.2345521143455284e-05,1.0730534187350833e-06,0.04802096186731214
801,0.801,15.598030038486947,25.21022675362334,2.1731068210023783e-05,1.0435467509685786e-06,0.048020959709989174
802,0.802,15.623240265257177,25.210226774888195,2.1133510194173424e-05,1.0148514532379212e-06,0.04802096026232874
803,0.803,15.648450492052227,25.21022679545301,2.0552382979449012e-05,9.869452146111312e-07,0.04802096261041892
804,0.804,15.673660718866456,25.210226815476613,1.998723680719758e-05,9.59806337658757e-07,0.04802096192271671
805,0.805,15.69887094569933,25.21022683497454,1.943763177423183e-05,9.334137215838699e-07,0.048020959159298514
806,0.806,15.724081172547512,25.210226854042027,1.890313828405681e-05,9.077468458160021e-07,0.04802095991550828
807,0.807,15.74929139941849,25.210226872468102,1.838334186724239e-05,8.82785754056156e-07,0.048020961609227746
808,0.808,15.774501626305202,25.210226890450993,1.7877839597916533e-05,8.585110387605418e-07,0.04802096103718214
809,0.809,15.799711853211297,25.210226907888927,1.738623720694266e-05,8.349038260510432e-07,0.048020961414103454
810,0.81,15.824922080134447,25.21022692484571,1.6908153376827055e-05,8.119457610405165e-07,0.0480209602400049
811,0.811,15.850132307071174,25.21022694142086,1.6443215410920063e-05,7.896189935617045e-07,0.048020960245847816
812,0.812,15.875342534027435,25.210226957445464,1.5991061499992998e-05,7.679061642885132e-07,0.04802096247887293
813,0.8130000000000001,15.900552761000037,25.21022697300878,1.5551341545476143e-05,7.467903912389267e-07,0.04802096263239532
814,0.8140000000000001,15.925762987987124,25.21022698816379,1.5123714010845105e-05,7.26255256649114e-07,0.04802095941038832
815,0.8150000000000001,15.950973214986096,25.210227002984244,1.4707844013105496e-05,7.062847942083911e-07,0.04802096035143238
816,0.8160000000000001,15.976183442001116,25.210227017353546,1.4303409346232907e-05,6.868634766452718e-07,0.048020961997159876
817,0.8170000000000001,16.001393669030666,25.21022703131337,1.3910096715653643e-05,6.679762036548219e-07,0.04802096040806955
818,0.8180000000000001,16.026603896073524,25.210227044899195,1.352759872271168e-05,6.496082901579884e-07,0.04802096096089483
819,0.8190000000000001,16.051814123130637,25.210227058083184,1.3155618812154537e-05,6.317454548838175e-07,0.04802096077002056
820,0.8200000000000001,16.07702435019818,25.210227070973378,1.2793867503628653e-05,6.143738092655669e-07,0.04802096075258834
821,0.8210000000000001,16.102234577280676,25.21022708344279,1.2442063238556294e-05,5.974798466422199e-07,0.04802096205319947
822,0.8220000000000001,16.127444804375198,25.210227095572634,1.209993290650062e-05,5.810504317568881e-07,0.04802096311168156
823,0.8230000000000001,16.152655031481714,25.210227107364236,1.1767211536950663e-05,5.650727905439878e-07,0.048020959661478124
824,0.8240000000000001,16.17786525859796,25.21022711888177,1.1443638202469015e-05,5.495345001972833e-07,0.04802096068352797
825,0.8250000000000001,16.203075485726554,25.210227130052424,1.1128962496652196e-05,5.34423479511e-07,0.048020961493199815
826,0.8260000000000001,16.22828571286571,25.210227140925298,1.0822940271891146e-05,5.197279794865371e-07,0.04802095977895686
827,0.8270000000000001,16.25349594001514,25.210227151509567,1.0525332455951484e-05,5.054365741975136e-07,0.048020960507686165
828,0.8280000000000001,16.278706167176406,25.21022716176002,1.0235908207559726e-05,4.915381519059496e-07,0.0480209613000363
829,0.8290000000000001,16.303916394345705,25.2102271717843,9.954442682671681e-06,4.780219064227869e-07,0.048020961259328906
830,0.8300000000000001,16.32912662152662,25.210227181481695,9.680716782405278e-06,4.6487732870594215e-07,0.0480209615832226
831,0.8310000000000001,16.354336848716883,25.210227190915116,9.414517548854867e-06,4.520941986893963e-07,0.04802096298013558
832,0.8320000000000001,16.379547075915468,25.210227200113767,9.155639079165106e-06,4.3966257733699675e-07,0.04802095992812871
833,0.833,16.404757303123365,25.210227209050213,8.903878652297851e-06,4.2757279891471776e-07,0.048020959809955716
834,0.834,16.429967530339702,25.210227217749424,8.659040862773182e-06,4.1581546347546403e-07,0.04802096098923977
835,0.835,16.455177757564766,25.210227226202672,8.420935945188104e-06,4.0438142955048017e-07,0.04802096016198199
836,0.836,16.480387984796696,25.21022723446304,8.189378274580443e-06,3.932618070417749e-07,0.04802096006023393
837,0.837,16.505598212038947,25.210227242432754,7.964187632547671e-06,3.824479503099437e-07,0.04802096183005198
838,0.838,16.530808439287878,25.21022725021403,7.745189711802228e-06,3.7193145145210494e-07,0.04802096078877844
839,0.839,16.55601866654484,25.210227257769642,7.532213545490183e-06,3.617041337646472e-07,0.04802096111324578
840,0.84,16.58122889380957,25.210227265105907,7.325093553305784e-06,3.5175804538574026e-07,0.0480209628485896
841,0.841,16.60643912108091,25.21022727225583,7.123669509504951e-06,3.4208545311268533e-07,0.0480209606378073
842,0.842,16.631649348359012,25.210227279215147,6.92778411255745e-06,3.326788363892515e-07,0.04802095893638353
843,0.843,16.656859575643693,25.210227285989486,6.737284681290853e-06,3.235308814583487e-07,0.04802096048527976
844,0.844,16.682069802935615,25.21022729255995,6.552023767128951e-06,3.146344756755123e-07,0.048020960676915074
845,0.845,16.707280030232795,25.210227298982414,6.371857174300923e-06,3.0598270197872073e-07,0.04802096054707804
846,0.846,16.732490257537222,25.21022730520095,6.1966445415276064e-06,2.975688335103143e-07,0.04802096223466082
847,0.847,16.757700484847923,25.21022731124241,6.026250359315459e-06,2.8938632838677784e-07,0.04802096015467405
848,0.848,16.782910712164067,25.210227317130894,5.8605413311695245e-06,2.8142882461234264e-07,0.04802096064326893
849,0.849,16.808120939486713,25.21022732283612,5.699388759553916e-06,2.7369013513247614e-07,0.048020962717043626
850,0.85,16.833331166814595,25.210227328393533,5.54266794238785e-06,2.661642430233565e-07,0.048020961347485965
851,0.851,16.858541394147654,25.210227333804976,5.3902567221123075e-06,2.588452968136584e-07,0.04802095895577742
852,0.852,16.883751621485274,25.210227339088195,5.242036103253281e-06,2.517276059349588e-07,0.048020959981319694
853,0.853,16.90896184882916,25.21022734419515,5.097891217113021e-06,2.4480563629724814e-07,0.0480209611918482
854,0.854,16.934172076177074,25.210227349188553,4.957710151155535e-06,2.3807400598612045e-07,0.04802096103392219
855,0.855,16.959382303530624,25.210227354023573,4.821383672654645e-06,2.315274810782662e-07,0.04802096178145217
856,0.856,16.984592530888783,25.21022735872855,4.688806147586957e-06,2.2516097157203045e-07,0.04802095981040016
857,0.857,17.009802758250977,25.210227363320044,4.559873993349943e-06,2.1896952742988792e-07,0.04802096017329208
858,0.858,17.03501298561866,25.210227367756772,4.4344870086804046e-06,2.129483347297171e-07,0.04802096258549765
859,0.859,17.060223212990493,25.21022737207631,4.312548167514958e-06,2.0709271192193054e-07,0.04802096205716461
860,0.86,17.085433440366348,25.210227376282468,4.193962584585538e-06,2.0139810618950957e-07,0.04802095920686723
861,0.861,17.110643667745514,25.210227380395768,4.0786375348578235e-06,1.9586008990813088e-07,0.04802095999809366
862,0.862,17.135853895129486,25.210227384373546,3.966483602862722e-06,1.904743572036466e-07,0.04802096170678128
863,0.863,17.161064122517004,25.210227388251596,3.85741386809236e-06,1.8523672060420443e-07,0.0480209609179974
864,0.864,17.186274349908597,25.21022739201505,3.75134322182962e-06,1.8014310778444872e-07,0.048020961328243544
865,0.865,17.21148457730392,25.210227395673236,3.648189398073953e-06,1.7518955839923483e-07,0.048020960340415836
866,0.866,17.23669480470217,25.210227399249245,3.547872008214175e-06,1.703722210044101e-07,0.04802096034184929
867,0.867,17.261905032104565,25.21022740270842,3.4503129813259533e-06,1.656873500622781e-07,0.04802096243413968
868,0.868,17.28711525951054,25.210227406066625,3.3554367456507956e-06,1.6113130302939435e-07,0.048020962766843193
869,0.869,17.312325486919665,25.210227409335907,3.2631696511944094e-06,1.567005375244425e-07,0.04802095945795702
870,0.87,17.33753571433136,25.210227412533015,3.1734394147195236e-06,1.5239160857399872e-07,0.04802096043401776
871,0.871,17.36274594174651,25.210227415632815,3.086176537601051e-06,1.482011659340147e-07,0.048020961901685165
872,0.872,17.38795616916475,25.210227418645463,3.001313397690034e-06,1.4412595148497103e-07,0.0480209602888848
873,0.873,17.41316639658586,25.21022742157753,2.9187836758075973e-06,1.4016279669864724e-07,0.04802096087503492
874,0.874,17.438376624010086,25.21022742442178,2.8385233802866475e-06,1.3630862017455004e-07,0.0480209608704315
875,0.875,17.46358685143656,25.210227427202774,2.7604700718517154e-06,1.3256042524409512e-07,0.04802096084858981
876,0.876,17.48879707886626,25.210227429893003,2.6845629984851346e-06,1.289152976406536e-07,0.04802096196416285
877,0.877,17.514007306298552,25.210227432509974,2.610743208277042e-06,1.2537040323368201e-07,0.04802096308676031
878,0.878,17.539217533733378,25.210227435055526,2.5389535436997766e-06,1.2192298582514863e-07,0.04802095970904682
879,0.879,17.564427761170396,25.21022743753924,2.4691377208507606e-06,1.1857036500655456e-07,0.048020960518030655
880,0.88,17.58963798861002,25.210227439949886,2.401241681103692e-06,1.1530993407488899e-07,0.04802096139772513
881,0.881,17.61484821605193,25.210227442295977,2.3352127613086445e-06,1.1213915800588423e-07,0.0480209597446024
882,0.882,17.64005844349603,25.210227444580593,2.2709993828743566e-06,1.0905557148300141e-07,0.04802096042182629
883,0.883,17.665268670942726,25.210227446791976,2.2085517217411585e-06,1.0605677698062333e-07,0.04802096140044718
884,0.884,17.69047889839116,25.210227448954438,2.1478212868269103e-06,1.0314044289994302e-07,0.04802096130275244
885,0.885,17.715689125842083,25.210227451046816,2.088760796017539e-06,1.0030430175612362e-07,0.04802096149418603
886,0.886,17.740899353295028,25.210227453082037,2.031324288650217e-06,9.75461484152992e-08,0.04802096295521434
887,0.887,17.76610958074978,25.210227455066406,1.9754673429360217e-06,9.486383838005483e-08,0.04802096006257651
888,0.888,17.791319808206513,25.21022745699491,1.9211462412477055e-06,9.225528612205913e-08,0.04802095964445846
889,0.889,17.816530035665068,25.2102274588722,1.8683187881020608e-06,8.971846346053571e-08,0.048020960893765126
890,0.89,17.841740263125534,25.210227460695766,1.816944049302042e-06,8.725139798533284e-08,0.048020960259535485
891,0.891,17.866950490587474,25.210227462477825,1.766981985656768e-06,8.485217152334888e-08,0.04802096015246599
892,0.892,17.89216071805159,25.21022746419851,1.7183937041207248e-06,8.251891864712836e-08,0.04802096193046285
893,0.893,17.91737094551722,25.210227465876596,1.6711416037302864e-06,8.024982522447353e-08,0.04802096066864806
894,0.894,17.942581172984532,25.210227467507348,1.6251887788873285e-06,7.804312700793051e-08,0.04802096102420918
895,0.895,17.967791400453546,25.210227469090114,1.580499511052323e-06,7.589710826306963e-08,0.04802096282366836
896,0.896,17.993001627923988,25.21022747063252,1.5370392271935673e-06,7.381010043447969e-08,0.048020960772255164
897,0.897,18.01821185539587,25.210227472134346,1.4947740046365575e-06,7.178048084844457e-08,0.04802095877088619
898,0.898,18.043422082869174,25.210227473596245,1.4536708738153072e-06,6.980667145129817e-08,0.04802096038980506
899,0.899,18.06863231034406,25.210227475013642,1.4136980286858559e-06,6.788713758246707e-08,0.0480209607744686
900,0.9,18.093842537820077,25.21022747639919,1.3748243663248952e-06,6.60203867812523e-08,0.04802096063931015
901,0.901,18.119052765297656,25.210227477740755,1.3370196004710749e-06,6.420496762642642e-08,0.04802096214880092
902,0.902,18.14426299277657,25.21022747904465,1.3002544839340351e-06,6.243946860773248e-08,0.048020960034543654
903,0.903,18.16947322025666,25.21022748031557,1.2645002583787197e-06,6.072251702842108e-08,0.04802096055423233
904,0.904,18.194683447738168,25.21022748154644,1.229729156338803e-06,5.9052777937960794e-08,0.04802096269212239
905,0.905,18.21989367522081,25.210227482745303,1.1959142699735907e-06,5.742895309409679e-08,0.048020961481933806
906,0.906,18.24510390270457,25.210227483912682,1.1630292504063352e-06,5.584977995345497e-08,0.0480209590033461
907,0.907,18.270314130189284,25.2102274850532,1.1310484175870447e-06,5.4314030689895976e-08,0.04802095988584503
908,0.908,18.29552435767538,25.21022748615489,1.0999469777696043e-06,5.2820511239868554e-08,0.04802096128940169
909,0.909,18.320734585162345,25.21022748723214,1.0697007966804758e-06,5.136806037400937e-08,0.04802096112615426
910,0.91,18.345944812650526,25.210227488275226,1.0402863047796418e-06,4.9955548794272445e-08,0.04802096169559231
911,0.911,18.3711550401397,25.21022748929026,1.011680698305888e-06,4.858187825588836e-08,0.04802095991081103
912,0.912,18.396365267629722,25.210227490281653,9.838616435525028e-07,4.724598071346477e-08,0.04802096008425552
913,0.913,18.421575495120948,25.21022749123885,9.568075074006943e-07,4.594681749056719e-08,0.04802096256057642
914,0.914,18.446785722613075,25.210227492170674,9.30497358504463e-07,4.468337847213802e-08,0.04802096219161239
915,0.915,18.471995950106066,25.210227493078037,9.049107305182213e-07,4.3454681319117335e-08,0.048020959254435905
916,0.916,18.497206177599775,25.210227493965377,8.800276094785465e-07,4.225977070466464e-08,0.048020960080678986
917,0.917,18.522416405094496,25.210227494824093,8.558287053648736e-07,4.1097717571379866e-08,0.048020961804334766
918,0.918,18.547626632590013,25.2102274956604,8.32295267402008e-07,3.9967618408949196e-08,0.04802096079881274
919,0.919,18.57283686008639,25.210227496472626,8.09408923646269e-07,3.886859455165698e-08,0.04802096124238368
920,0.92,18.598047087583584,25.210227497261833,7.871519259134498e-07,3.7799791495210326e-08,0.0480209604408267
921,0.921,18.6232573150814,25.21022749803334,7.655069348296217e-07,3.676037823235363e-08,0.048020960437850715
922,0.922,18.648467542580118,25.210227498779645,7.444571050000046e-07,3.574954660674968e-08,0.048020962345103085
923,0.923,18.673677770079586,25.210227499504686,7.239861215630243e-07,3.476651068462758e-08,0.04802096290129105
924,0.924,18.698887997579757,25.21022750020994,7.040781044747943e-07,3.38105061437114e-08,0.048020959505525714
925,0.925,18.724098225080482,25.21022750089963,6.847174509885338e-07,3.288078967894952e-08,0.04802096051660313
926,0.926,18.749308452581953,25.210227501568333,6.658891705174039e-07,3.1976638424585415e-08,0.04802096180621046
927,0.927,18.774518680084082,25.210227502218483,6.475786673616763e-07,3.1097349392122494e-08,0.04802096016970005
928,0.928,18.799728907586825,25.21022750285128,6.297716336104093e-07,3.0242238923740155e-08,0.048020960789175005
929,0.929,18.82493913509025,25.210227503464882,6.124542609341149e-07,2.9410642160743278e-08,0.048020960970842436
930,0.93,18.850149362594152,25.210227504064868,5.956130815380391e-07,2.8601912526625846e-08,0.048020960944591295
931,0.931,18.87535959009876,25.210227504645275,5.792349869350941e-07,2.781542122434938e-08,0.04802096187512621
932,0.932,18.900569817603927,25.21022750520988,5.633072521392933e-07,2.7050556747447065e-08,0.04802096306183906
933,0.933,18.92578004510963,25.210227505759402,5.47817547543798e-07,2.630672440456854e-08,0.04802095975661553
934,0.934,18.950990272615822,25.210227506295006,5.327537323137267e-07,2.55833458571016e-08,0.04802096035253328
935,0.935,18.976200500122562,25.210227506815226,5.1810413608568e-07,2.487985866950632e-08,0.04802096130225041
936,0.936,19.001410727629807,25.21022750732133,5.038573979267612e-07,2.4195715872014194e-08,0.04802095984215596
937,0.937,19.026620955137503,25.210227507814583,4.900023941780686e-07,2.3530385535353595e-08,0.048020960335966374
938,0.9380000000000001,19.051831182645778,25.210227508291652,4.7652836682078757e-07,2.2883350357167833e-08,0.04802096150085811
939,0.9390000000000001,19.07704141015443,25.210227508758003,4.6342486097215433e-07,2.2254107259805826e-08,0.048020961182622016
940,0.9400000000000001,19.102251637663603,25.210227509209613,4.506816682944139e-07,2.164216699917439e-08,0.048020961405149394
941,0.9410000000000001,19.127461865173224,25.2102275096487,4.3828887427550094e-07,2.1047053784343718e-08,0.048020962930293086
942,0.9420000000000001,19.152672092683236,25.210227510076777,4.2623689371549984e-07,2.0468304907615337e-08,0.0480209601970244
943,0.9430000000000001,19.177882320193667,25.210227510492953,4.145162987316359e-07,1.9905470384760815e-08,0.04802095947896109
944,0.9440000000000001,19.203092547704493,25.210227510898072,4.031179777194783e-07,1.9358112605153173e-08,0.04802096079829041
945,0.9450000000000001,19.228302775215738,25.210227511291457,3.920331007861916e-07,1.88258059915204e-08,0.04802096035708904
946,0.9460000000000001,19.253513002727296,25.21022751167591,3.812530315045954e-07,1.8308136669052814e-08,0.04802096024469812
947,0.9470000000000001,19.27872323023932,25.210227512047407,3.707693763436973e-07,1.780470214361144e-08,0.048020962030873776
948,0.9480000000000001,19.303933457751683,25.2102275124093,3.605740241553332e-07,1.7315110988783496e-08,0.04802096054851763
949,0.9490000000000001,19.3291436852644,25.21022751276127,3.506590083500339e-07,1.6838982541543322e-08,0.048020960935172545
950,0.9500000000000001,19.35435391277748,25.210227513102744,3.4101662382142836e-07,1.6375946606283148e-08,0.04802096279874711
951,0.9510000000000001,19.379564140290874,25.210227513435477,3.3163941050495605e-07,1.5925643166980543e-08,0.04802096090670306
952,0.9520000000000001,19.40477436780458,25.210227513759467,3.225200515433893e-07,1.5487722107282536e-08,0.04802095879982501
953,0.9530000000000001,19.42998459531859,25.21022751407505,3.1365143149925256e-07,1.506184293828548e-08,0.04802096029433034
954,0.9540000000000001,19.455194822832947,25.21022751438082,3.0502668559334416e-07,1.4647674533800584e-08,0.04802096087202216
955,0.9550000000000001,19.480405050347546,25.21022751467973,2.9663910625476626e-07,1.4244894872899926e-08,0.04802096073154227
956,0.9560000000000001,19.50561527786248,25.210227514969155,2.884821585078535e-07,1.3853190789540969e-08,0.048020962062941014
957,0.9570000000000001,19.530825505377702,25.21022751525057,2.8054952989459733e-07,1.3472257729075932e-08,0.04802095991441322
958,0.9580000000000001,19.55603573289318,25.210227515524874,2.728350158875596e-07,1.3101799511457536e-08,0.04802096046519569
959,0.9590000000000001,19.58124596040896,25.21022751579043,2.6533262544645545e-07,1.2741528100954698e-08,0.048020962667201135
960,0.96,19.606456187924984,25.21022751604905,2.5803655247867726e-07,1.2391163382202024e-08,0.048020961616381704
961,0.961,19.631666415441252,25.21022751630088,2.509411136422618e-07,1.2050432942406014e-08,0.048020959050914816
962,0.962,19.656876642957723,25.210227516547086,2.4404076700465215e-07,1.1719071859541531e-08,0.04802095979037031
963,0.963,19.682086870474496,25.210227516784744,2.373301609798045e-07,1.1396822496371065e-08,0.048020961386955247
964,0.964,19.70729709799146,25.210227517017145,2.3080409094113668e-07,1.1083434300129249e-08,0.048020961218386386
965,0.965,19.73250732550868,25.210227517242178,2.244574712042064e-07,1.077866360771481e-08,0.04802096160973239
966,0.966,19.75771755302612,25.21022751746116,2.182853790051214e-07,1.0482273456239365e-08,0.04802096001122196
967,0.967,19.782927780543734,25.210227517675186,2.1228299877868063e-07,1.019403339878642e-08,0.048020960027111675
968,0.968,19.80813800806161,25.210227517881727,2.0644566043162322e-07,9.913719325235567e-09,0.048020962535655166
969,0.969,19.833348235579685,25.21022751808274,2.0076884804081764e-07,9.641113288014628e-09,0.04802096232606029
970,0.97,19.858558463097946,25.21022751827848,1.9524814724497186e-07,9.376003332642597e-09,0.04802095930200461
971,0.971,19.88376869061636,25.210227518469896,1.8987923818956885e-07,9.118183332932272e-09,0.04802096016326437
972,0.972,19.908978918134995,25.210227518655273,1.846579593478818e-07,8.867452830725074e-09,0.04802096190188832
973,0.973,19.934189145653804,25.210227518835623,1.7958026574196783e-07,8.623616880032183e-09,0.048020960679627994
974,0.974,19.959399373172793,25.21022751901092,1.7464219152394458e-07,8.386485895461527e-09,0.04802096115652377
975,0.975,19.984609600691957,25.21022751918118,1.6983990767551333e-07,8.155875504813268e-09,0.04802096054123763
976,0.976,20.009819828211256,25.21022751934763,1.651696741912601e-07,7.931606405727726e-09,0.04802096053385219
977,0.977,20.035030055730747,25.210227519508642,1.6062785633375336e-07,7.713504226276034e-09,0.048020962256066446
978,0.978,20.0602402832504,25.210227519665178,1.562109319590462e-07,7.501399389383688e-09,0.04802096303573894
979,0.979,20.085450510770208,25.210227519817316,1.5191547709321196e-07,7.295126980982174e-09,0.048020959553094426
980,0.98,20.11066073829014,25.210227519966097,1.477381237956024e-07,7.0945266217866565e-09,0.048020960599188506
981,0.981,20.135870965810227,25.210227520110355,1.4367563865461438e-07,6.899442342598742e-09,0.04802096171073574
982,0.982,20.161081193330457,25.210227520250662,1.3972487130579356e-07,6.709722463038904e-09,0.0480209600505153
983,0.983,20.18629142085082,25.210227520387225,1.358827349150167e-07,6.525219473612998e-09,0.04802096070331509
984,0.984,20.21150164837133,25.210227520519602,1.3214624987629582e-07,6.345789921021721e-09,0.048020961071253365
985,0.985,20.236711875891945,25.21022752064905,1.2851251126372792e-07,6.171294296624219e-09,0.04802096104059277
986,0.986,20.26192210341271,25.210227520774264,1.249786906539387e-07,6.001596927968301e-09,0.048020961786089576
987,0.987,20.2871323309336,25.210227520896076,1.2154204131258823e-07,5.8365658733033365e-09,0.04802096303691781
988,0.988,20.312342558454603,25.21022752101471,1.1819990358667676e-07,5.676072818994257e-09,0.04802095980418424
989,0.989,20.33755278597571,25.21022752113021,1.1494965861274146e-07,5.519992979755827e-09,0.04802096018703591
990,0.99,20.362763013496934,25.210227521242476,1.1178878695317347e-07,5.3682050016308565e-09,0.0480209612067757
991,0.991,20.38797324101827,25.210227521351655,1.0871483773315642e-07,5.220590867635924e-09,0.04802095993970951
992,0.992,20.4131834685397,25.21022752145815,1.0572541197758285e-07,5.077035806001636e-09,0.048020960250106465
993,0.993,20.438393696061258,25.21022752156107,1.0281818681460908e-07,4.93742820093645e-09,0.04802096160126905
994,0.994,20.463603923582898,25.210227521661643,9.999090812853926e-08,4.801659505843757e-09,0.04802096106249158
995,0.995,20.488814151104652,25.210227521759116,9.724137191229088e-08,4.6696241589258545e-09,0.04802096131611276
996,0.996,20.514024378626498,25.21022752185385,9.456743943383644e-08,4.541219501108257e-09,0.04802096290537183
997,0.997,20.53923460614843,25.210227521946198,9.196704242764842e-08,4.416345696220934e-09,0.048020960331472295
998,0.998,20.564444833670457,25.210227522036014,8.94381477333486e-08,4.294905653374691e-09,0.04802095931346372
999,0.999,20.589655061192566,25.210227522123436,8.697878781144022e-08,4.1768049514717154e-09,0.04802096070281569
1000,1.0,20.614865288714768,25.2102275222083,8.458705797083356e-08,4.061951765791959e-09,0.04802096045464259
1001,1.0010000000000001,20.640075516237037,25.210227522291238,8.226109534008138e-08,3.950256796598485e-09,0.04802096033693024
1002,1.002,20.6652857437594,25.210227522371444,7.999908850645478e-08,3.841633199705759e-09,0.04802096213128471
1003,1.0030000000000001,20.69049597128184,25.21022752244949,7.779928776161378e-08,3.735996518957164e-09,0.0480209604283872
1004,1.004,20.715706198804355,25.21022752252546,7.565997340621454e-08,3.633264620559513e-09,0.04802096084613591
1005,1.0050000000000001,20.74091642632695,25.210227522599133,7.357948331574676e-08,3.5333576292228157e-09,0.04802096277382586
1006,1.006,20.76612665384961,25.210227522670912,7.155620778001269e-08,3.4361978660564925e-09,0.04802096104115096
1007,1.0070000000000001,20.791336881372345,25.210227522740805,6.958856858299205e-08,3.341709788172896e-09,0.04802095884739371
1008,1.008,20.816547108895136,25.210227522808932,6.767503016379544e-08,3.249819929951975e-09,0.04802096019885563
1009,1.0090000000000001,20.84175733641801,25.210227522874895,6.58141107988889e-08,3.160456845920775e-09,0.048020960969575706
1010,1.01,20.866967563940925,25.210227522939384,6.400436397936675e-08,3.073551055203768e-09,0.0480209608237744
1011,1.0110000000000001,20.892177791463922,25.210227523001823,6.224437963002727e-08,2.9890349875005407e-09,0.0480209619770811
1012,1.012,20.917388018986976,25.210227523062557,6.053279532524691e-08,2.9068429305492317e-09,0.048020959794282794
1013,1.0130000000000001,20.942598246510087,25.21022752312176,5.8868272456245e-08,2.826910979034277e-09,0.04802096037615906
1014,1.014,20.96780847403326,25.21022752317905,5.724951841092262e-08,2.7491769848994296e-09,0.04802096264227988
1015,1.0150000000000001,20.993018701556494,25.210227523234842,5.567528036817266e-08,2.6735805090267333e-09,0.048020961750829594
1016,1.016,21.018228929079775,25.210227523289166,5.4144332455172045e-08,2.6000627742445106e-09,0.04802095909848352
1017,1.0170000000000001,21.043439156603096,25.210227523342294,5.265547855844184e-08,2.528566619627337e-09,0.04802095980992564
1018,1.018,21.068649384126488,25.210227523393588,5.120756394779858e-08,2.4590364560527567e-09,0.048020961484508795
1019,1.0190000000000001,21.093859611649922,25.210227523443713,4.9799465977789e-08,2.3914182229800124e-09,0.048020961189555844
1020,1.02,21.119069839173402,25.210227523492275,4.8430087041495173e-08,2.3256593464174347e-09,0.048020961523872474
1021,1.0210000000000001,21.14428006669694,25.21022752353952,4.7098364813774397e-08,2.2617086980453946e-09,0.0480209601116329
1022,1.022,21.169490294220513,25.210227523585694,4.580326069750736e-08,2.199516555463557e-09,0.04802096012311315
1023,1.0230000000000001,21.19470052174414,25.210227523630284,4.454376696537164e-08,2.139034563530979e-09,0.048020962510733914
1024,1.024,21.219910749267807,25.210227523673648,4.331890887193854e-08,2.0802156967695354e-09,0.04802096246050818
1025,1.025,21.24512097679151,25.210227523715872,4.212773443516999e-08,2.023014222800918e-09,0.04802095934957332
1026,1.026,21.270331204315262,25.210227523757165,4.096931124902477e-08,1.9673856667892634e-09,0.048020960245849745
1027,1.027,21.295541431839045,25.210227523797187,3.9842741527827464e-08,1.913286776861387e-09,0.04802096199944187
1028,1.028,21.320751659362877,25.21022752383608,3.8747152675879734e-08,1.8606754904778939e-09,0.04802096056044325
1029,1.029,21.345961886886744,25.21022752387391,3.7681688608155984e-08,1.809510901729136e-09,0.04802096107066385
1030,1.03,21.37117211441066,25.210227523910643,3.664552324686398e-08,1.7597532295302728e-09,0.04802096064164857
1031,1.031,21.396382341934586,25.210227523946557,3.563784989397271e-08,1.7113637866910982e-09,0.04802096062985367
1032,1.032,21.42159256945857,25.210227523981295,3.465788428077066e-08,1.664304949836185e-09,0.048020962167029814
1033,1.033,21.446802796982585,25.210227524015085,3.370486604598623e-08,1.6185401301523431e-09,0.04802096314354253
1034,1.034,21.472013024506634,25.210227524047912,3.277805687411937e-08,1.5740337449403247e-09,0.04802095960066313
1035,1.035,21.497223252030704,25.210227524080008,3.187672983247629e-08,1.5307511899488726e-09,0.04802096068177389
1036,1.036,21.52243347955481,25.210227524111122,3.1000187468056844e-08,1.4886588124694534e-09,0.048020961615261024
1037,1.037,21.547643707078947,25.21022752414141,3.014774980011173e-08,1.4477238851709442e-09,0.04802095993133055
1038,1.038,21.572853934603113,25.21022752417088,2.9318750865260543e-08,1.4079145806536562e-09,0.04802096061745517
1039,1.039,21.598064162127308,25.21022752419944,2.8512547714499945e-08,1.3691999467032276e-09,0.0480209611716643
1040,1.04,21.623274389651534,25.210227524227363,2.772851377208529e-08,1.3315498822248262e-09,0.04802096113659425
1041,1.041,21.648484617175782,25.21022752425438,2.6966038748006402e-08,1.294935113839261e-09,0.048020961697052944
1042,1.042,21.673694844700066,25.21022752428066,2.622452974980711e-08,1.2593271731224906e-09,0.048020963011996556
1043,1.043,21.698905072224356,25.21022752430627,2.5503413056548677e-08,1.2246983744711959e-09,0.04802095985175295
1044,1.044,21.72411529974869,25.210227524331177,2.4802123761010904e-08,1.1910217935767556e-09,0.048020960021538536
1045,1.045,21.749325527273037,25.210227524355407,2.4120117958630442e-08,1.158271246491385e-09,0.04802096111130098
1046,1.046,21.774535754797412,25.210227524378958,2.3456866926351422e-08,1.1264212692697192e-09,0.04802096003726306
1047,1.047,21.799745982321806,25.210227524401947,2.2811853291220918e-08,1.0954470981703562e-09,0.04802096016424655
1048,1.048,21.824956209846228,25.210227524424152,2.2184575498920395e-08,1.0653246504016843e-09,0.04802096170167998
1049,1.049,21.850166437370664,25.210227524445845,2.157454755311577e-08,1.0360305053972858e-09,0.048020960942361156
1050,1.05,21.875376664895136,25.21022752446688,2.0981293603052815e-08,1.0075418866060996e-09,0.04802096122707613
1051,1.051,21.90058689241962,25.210227524487316,2.040435228720347e-08,9.798366437834347e-10,0.04802096288045058
1052,1.052,21.92579711994413,25.21022752450724,1.984327732147527e-08,9.528932357688547e-10,0.04802096046592019
1053,1.053,21.951007347468646,25.210227524526623,1.929763024687368e-08,9.266907137376808e-10,0.04802095914796635
1054,1.054,21.976217574993193,25.21022752454549,1.8766986197590447e-08,9.012087049130027e-10,0.04802096060734098
1055,1.055,22.001427802517753,25.210227524563795,1.82509343138402e-08,8.764273967256433e-10,0.048020960552196144
1056,1.056,22.02663803004234,25.210227524581693,1.7749072775562215e-08,8.523275214095961e-10,0.04802096042916237
1057,1.057,22.051848257566935,25.210227524599006,1.7261010660758012e-08,8.288903410211563e-10,0.04802096223169564
1058,1.058,22.07705848509155,25.21022752461584,1.6786370528522964e-08,8.060976328698924e-10,0.04802096030825677
1059,1.059,22.102268712616176,25.210227524632234,1.63247811578704e-08,7.839316753503281e-10,0.048020960757099274
1060,1.06,22.12747894014083,25.21022752464813,1.5875883999858925e-08,7.62375234163156e-10,0.048020962748904605
1061,1.061,22.15268916766549,25.210227524663612,1.543933171608635e-08,7.414115489153746e-10,0.048020961175598856
1062,1.062,22.17789939519017,25.21022752467869,1.5014783891882974e-08,7.210243200888563e-10,0.048020958894962426
1063,1.063,22.20310962271486,25.210227524693398,1.4601909142544357e-08,7.011976963673155e-10,0.04802096010338091
1064,1.064,22.228319850239565,25.210227524707626,1.4200387646519927e-08,6.819162623116767e-10,0.04802096106712926
1065,1.065,22.25353007776428,25.21022752472154,1.3809907459668842e-08,6.631650263744243e-10,0.04802096091600652
1066,1.066,22.278740305289016,25.210227524735007,1.3430164324995662e-08,6.44929409243455e-10,0.04802096189122118
1067,1.067,22.303950532813758,25.210227524748117,1.3060864186378436e-08,6.271952325065244e-10,0.04802095968202816
1068,1.068,22.329160760338524,25.210227524760892,1.2701718249288893e-08,6.099487076273201e-10,0.048020960287122424
1069,1.069,22.354370987863295,25.210227524773252,1.2352447616498618e-08,5.931764252247608e-10,0.04802096261735863
1070,1.07,22.379581215388082,25.21022752478529,1.2012781960201402e-08,5.768653446469806e-10,0.04802096188527749
1071,1.071,22.404791442912874,25.210227524797006,1.1682456864842415e-08,5.61002783832115e-10,0.04802095914605223
1072,1.072,22.430001670437672,25.21022752480847,1.1361214158755136e-08,5.455764094478088e-10,0.048020959892511025
1073,1.073,22.45521189796249,25.210227524819544,1.10488047265618e-08,5.30574227301933e-10,0.048020961582062344
1074,1.074,22.480422125487323,25.210227524830355,1.074498638752332e-08,5.159845730169248e-10,0.0480209610703711
1075,1.075,22.505632353012164,25.210227524840835,1.0449522207262807e-08,5.017961029606231e-10,0.04802096143801256
1076,1.076,22.530842580537016,25.210227524851028,1.0162182998249109e-08,4.879977854264287e-10,0.04802096021204383
1077,1.077,22.556052808061875,25.21022752486099,9.882744740850471e-09,4.745788920560448e-10,0.04802096021911463
1078,1.078,22.581263035586755,25.210227524870618,9.610989984517455e-09,4.6152898949803393e-10,0.04802096248581266
1079,1.079,22.606473263111635,25.210227524879972,9.346708334058125e-09,4.4883793129576944e-10,0.04802096259495608
1080,1.08,22.63168349063653,25.21022752488908,9.089694489202708e-09,4.364958499984289e-10,0.04802095939714203
1081,1.081,22.656893718161424,25.210227524897988,8.839747197591881e-09,4.244931494889553e-10,0.04802096032843513
1082,1.082,22.682103945686336,25.210227524906625,8.596672788829072e-09,4.1282049752293474e-10,0.04802096202374638
1083,1.083,22.707314173211245,25.210227524915016,8.3602829844227e-09,4.0146881847268894e-10,0.048020960441258496
1084,1.084,22.732524400736168,25.210227524923177,8.130393025545465e-09,3.9042928627084083e-10,0.048020960984803934
1085,1.085,22.757734628261097,25.210227524931103,7.906824679902834e-09,3.796933175479612e-10,0.0480209607420595
1086,1.086,22.78294485578603,25.21022752493885,7.68940394730739e-09,3.692525649588838e-10,0.04802096072585515
1087,1.087,22.808155083310975,25.210227524946344,7.477961605794574e-09,3.5909891069255023e-10,0.04802096207799318
1088,1.088,22.833365310835934,25.210227524953634,7.2723335285393765e-09,3.4922446016030235e-10,0.04802096311862128
1089,1.089,22.85857553836089,25.21022752496072,7.0723604514694e-09,3.3962153585776275e-10,0.04802095964823184
1090,1.09,22.883785765885857,25.210227524967646,6.877885539507442e-09,3.302826713954628e-10,0.04802096072961341
1091,1.091,22.90899599341083,25.210227524974357,6.688758315705694e-09,3.2120060569365385e-10,0.04802096151978631
1092,1.092,22.93420622093581,25.210227524980894,6.504832026654016e-09,3.1236827733671145e-10,0.048020959812145804
1093,1.093,22.95941644846079,25.210227524987253,6.325962990326846e-09,3.037788190828178e-10,0.04802096053159526
1094,1.094,22.98462667598578,25.210227524993414,6.152012469112614e-09,2.954255525245808e-10,0.04802096127207524
1095,1.095,23.009836903510774,25.210227524999436,5.98284531425604e-09,2.873019828965063e-10,0.04802096123259573
1096,1.096,23.035047131035782,25.210227525005266,5.818329843244762e-09,2.7940179402523224e-10,0.048020961608016305
1097,1.097,23.060257358560786,25.210227525010932,5.658338078138141e-09,2.717188434186305e-10,0.048020962987075304
1098,1.098,23.085467586085798,25.21022752501646,5.5027462600486446e-09,2.642471574899382e-10,0.04802095989932166
1099,1.099,23.110677813610817,25.21022752502183,5.351432534535358e-09,2.5698092691323506e-10,0.048020959856041164
1100,1.1,23.135888041135846,25.21022752502706,5.204279481708898e-09,2.499145021066075e-10,0.048020961015826265
1101,1.101,23.161098268660872,25.210227525032142,5.061173041047394e-09,2.4304238883954544e-10,0.04802096013481661
1102,1.102,23.186308496185912,25.2102275250371,4.9220016337715385e-09,2.363592439610968e-10,0.04802096007838663
1103,1.103,23.21151872371095,25.210227525041894,4.786656964365679e-09,2.298598712455167e-10,0.048020961802090915
1104,1.104,23.236728951235992,25.21022752504657,4.655034250140327e-09,2.2353921735213083e-10,0.04802096082223072
1105,1.105,23.26193917876104,25.210227525051113,4.527030753745174e-09,2.173923678963066e-10,0.04802096113803949
1106,1.106,23.287149406286098,25.21022752505552,4.40254695151557e-09,2.114145436284531e-10,0.048020962855529335
1107,1.107,23.312359633811155,25.210227525059814,4.281486545617576e-09,2.0560109671810763e-10,0.04802096060036808
1108,1.108,23.337569861336224,25.210227525064003,4.1637549806778035e-09,1.9994750714017972e-10,0.04802095898246898
1109,1.109,23.362780088861292,25.21022752506807,4.049260512241086e-09,1.9444937916058853e-10,0.04802096051186626
1110,1.11,23.387990316386368,25.21022752507202,3.937914513992566e-09,1.8910243791851518e-10,0.04802096064974969
1111,1.111,23.41320054391144,25.210227525075883,3.829630313636175e-09,1.8390252610265834e-10,0.04802096052139449
1112,1.112,23.438410771436526,25.210227525079624,3.7243235517827414e-09,1.788456007188621e-10,0.048020962258569916
1113,1.113,23.463620998961606,25.210227525083248,3.6219127911078357e-09,1.7392772994665492e-10,0.048020960188126335
1114,1.114,23.488831226486695,25.21022752508679,3.5223179155324105e-09,1.6914509008219428e-10,0.04802096066806264
1115,1.115,23.514041454011785,25.210227525090218,3.425461574162722e-09,1.6449396256530543e-10,0.04802096272398336
1116,1.116,23.539251681536886,25.210227525093558,3.3312688193681952e-09,1.599707310882452e-10,0.048020961310046746
1117,1.117,23.56446190906198,25.210227525096812,3.2396662251199212e-09,1.5557187878398855e-10,0.04802095894253113
1118,1.118,23.58967213658708,25.210227525099985,3.1505822762998465e-09,1.5129398549181297e-10,0.04802096000790619
1119,1.119,23.61488236411218,25.21022752510305,3.063947941264889e-09,1.4713372509809107e-10,0.04802096116468281
1120,1.12,23.640092591637288,25.210227525106056,2.979695948309736e-09,1.430878629501885e-10,0.04802096100823865
1121,1.121,23.665302819162395,25.210227525108962,2.8977606468089133e-09,1.3915325334148977e-10,0.048020961805361265
1122,1.122,23.690513046687506,25.21022752511179,2.8180785573356596e-09,1.3532683706556967e-10,0.04802095978243909
1123,1.123,23.715723274212625,25.210227525114554,2.740587412137396e-09,1.3160563903762482e-10,0.048020960198085785
1124,1.124,23.740933501737743,25.210227525117222,2.665226998208109e-09,1.2798676598130577e-10,0.04802096259243738
1125,1.125,23.76614372926286,25.210227525119816,2.5919389979742514e-09,1.244674041791666e-10,0.04802096201972539
1126,1.1260000000000001,23.791353956787983,25.210227525122345,2.520666378130934e-09,1.2104481728495786e-10,0.04802095919362094
1127,1.127,23.816564184313098,25.21022752512482,2.4513534143661297e-09,1.1771634419609184e-10,0.04802095997509641
1128,1.1280000000000001,23.841774411838227,25.210227525127213,2.383946363847827e-09,1.1447939698459616e-10,0.0480209616796159
1129,1.129,23.866984639363352,25.210227525129543,2.3183929825590875e-09,1.113314588849744e-10,0.048020960951186346
1130,1.1300000000000001,23.892194866888488,25.210227525131806,2.2546421247881556e-09,1.0827008233738733e-10,0.04802096135215264
1131,1.131,23.917405094413617,25.210227525134005,2.192644345293079e-09,1.0529288708464732e-10,0.048020960312454765
1132,1.1320000000000001,23.942615321938753,25.210227525136155,2.1323513242883525e-09,1.0239755832153626e-10,0.04802096031511611
1133,1.133,23.967825549463893,25.210227525138233,2.0737161397000907e-09,9.958184489502232e-11,0.04802096245893339
1134,1.1340000000000001,23.993035776989036,25.21022752514025,2.0166933782578304e-09,9.684355755395507e-11,0.048020962729403975
1135,1.135,24.018246004514175,25.210227525142216,1.961238766071254e-09,9.41805672469022e-11,0.048020959444710735
1136,1.1360000000000001,24.043456232039322,25.210227525144138,1.9073088643550153e-09,9.159080346678068e-11,0.04802096041102051
1137,1.137,24.068666459564465,25.210227525146003,1.8548618991444677e-09,8.907225264101815e-11,0.04802096192827166
1138,1.1380000000000001,24.093876687089615,25.210227525147808,1.8038572320294174e-09,8.662295656597044e-11,0.04802096032207375
1139,1.139,24.119086914614762,25.21022752514957,1.7542550025535131e-09,8.42410108843992e-11,0.048020960898944025
1140,1.1400000000000001,24.144297142139916,25.210227525151275,1.7060167511757414e-09,8.19245636048089e-11,0.048020960842470435
1141,1.141,24.16950736966506,25.210227525152945,1.6591049470471932e-09,7.967181366150179e-11,0.04802096082185663
1142,1.1420000000000001,24.194717597190216,25.210227525154565,1.613483077078803e-09,7.748100951422584e-11,0.04802096198895655
1143,1.143,24.219927824715366,25.21022752515614,1.569115713887463e-09,7.535044778633464e-11,0.04802096309370003
1144,1.1440000000000001,24.245138052240527,25.210227525157666,1.5259685021829249e-09,7.327847194038737e-11,0.04802095969580055
1145,1.145,24.27034827976568,25.21022752515916,1.4840076115309341e-09,7.126347099017503e-11,0.04802096056411605
1146,1.1460000000000001,24.295558507290846,25.210227525160608,1.443200556435939e-09,6.930387824815526e-11,0.048020961424311594
1147,1.147,24.320768734816006,25.210227525162022,1.4035156836497807e-09,6.739817010733728e-11,0.04802095971743708
1148,1.1480000000000001,24.345978962341164,25.210227525163393,1.3649219892368596e-09,6.554486485665764e-11,0.048020960445735346
1149,1.149,24.371189189866325,25.210227525164726,1.3273895338016304e-09,6.374252152893052e-11,0.04802096137248617
1150,1.1500000000000001,24.396399417391493,25.210227525166022,1.290889167259664e-09,6.198973878048138e-11,0.048020961328597206
1151,1.151,24.421609644916654,25.21022752516728,1.255392476424211e-09,6.028515380158363e-11,0.04802096151897967
1152,1.1520000000000001,24.446819872441825,25.210227525168502,1.220871836807222e-09,5.86274412568566e-11,0.04802096296215405
1153,1.153,24.472030099966986,25.210227525169692,1.1873005501130874e-09,5.70153122548042e-11,0.04802096002513739
1154,1.154,24.49724032749215,25.21022752517085,1.154652337291832e-09,5.544751334568325e-11,0.0480209596905438
1155,1.155,24.522450555017326,25.21022752517198,1.1229018435588985e-09,5.392282554693258e-11,0.04802096092035155
1156,1.156,24.547660782542494,25.210227525173078,1.092024464768019e-09,5.244006339540035e-11,0.048020960232370166
1157,1.157,24.572871010067672,25.210227525174147,1.0619961344168696e-09,5.099807402562965e-11,0.04802096012678251
1158,1.158,24.59808123759284,25.21022752517518,1.0327934782770435e-09,4.959573627349427e-11,0.048020961902501845
1159,1.159,24.623291465118015,25.21022752517619,1.0043938959007339e-09,4.823195980447855e-11,0.04802096070210029
1160,1.16,24.64850169264319,25.210227525177167,9.76775209018933e-10,4.69056842659298e-11,0.04802096104900286
1161,1.161,24.673711920168373,25.210227525178116,9.499159486561786e-10,4.561587846262017e-11,0.04802096283060808
1162,1.162,24.69892214769355,25.210227525179043,9.237953359566844e-10,4.436153955498208e-11,0.04802096073481598
1163,1.163,24.724132375218733,25.210227525179945,8.983929796949121e-10,4.3141692279385784e-11,0.04802095881697161
1164,1.164,24.749342602743912,25.210227525180823,8.736890688163262e-10,4.195538818986278e-11,0.04802096041639154
1165,1.165,24.774552830269098,25.210227525181676,8.49664485793661e-10,4.080170492067499e-11,0.04802096074730324
1166,1.166,24.79976305779428,25.21022752518251,8.263005354771441e-10,3.967974546916652e-11,0.048020960613626616
1167,1.167,24.82497328531947,25.210227525183313,8.035790153380499e-10,3.858863749833204e-11,0.04802096217271
1168,1.168,24.850183512844648,25.2102275251841,7.814823486541545e-10,3.752753265856481e-11,0.04802096006799591
1169,1.169,24.87539374036983,25.210227525184862,7.599932506138509e-10,3.649560592805357e-11,0.04802096057902601
1170,1.17,24.900603967895016,25.2102275251856,7.390950321787921e-10,3.5492054971319886e-11,0.04802096269906211
1171,1.171,24.925814195420205,25.210227525186323,7.187715213758569e-10,3.451609951539078e-11,0.04802096144449464
1172,1.172,24.95102442294539,25.210227525187026,6.990068805175077e-10,3.356698074312886e-11,0.048020958990099845
1173,1.173,24.976234650470577,25.21022752518771,6.797856761457681e-10,3.264396070324106e-11,0.04802095991243148
1174,1.174,25.001444877995763,25.210227525188373,6.610930081793197e-10,3.174632173651442e-11,0.048020961262236365
1175,1.175,25.026655105520952,25.21022752518902,6.429143692736849e-10,3.087336591782532e-11,0.04802096110047077
1176,1.176,25.051865333046138,25.210227525189644,6.25235593757468e-10,3.002441451349707e-11,0.04802096171950135
1177,1.177,25.077075560571327,25.210227525190255,6.080429779997161e-10,2.919880745357303e-11,0.048020959882850024
1178,1.178,25.102285788096513,25.210227525190852,5.913230962921968e-10,2.839590281860701e-11,0.04802096010904915
1179,1.179,25.127496015621706,25.210227525191428,5.75062948847291e-10,2.7615076340561207e-11,0.04802096256751613
1180,1.18,25.15270624314689,25.210227525191986,5.59249954867845e-10,2.68557209174319e-11,0.048020962154173286
1181,1.181,25.177916470672088,25.210227525192533,5.438718125150834e-10,2.6117246141218758e-11,0.04802095924118965
1182,1.182,25.203126698197273,25.210227525193062,5.289164941385626e-10,2.5399077838876996e-11,0.048020960057681784
1183,1.183,25.22833692572247,25.21022752519358,5.143724055446317e-10,2.470065762588946e-11,0.04802096177716945
1184,1.184,25.253547153247663,25.21022752519408,5.002282764844032e-10,2.4021442472117196e-11,0.0480209608320016
1185,1.185,25.278757380772863,25.21022752519457,4.86473066418683e-10,2.3360904279586222e-11,0.048020961266292725
1186,1.186,25.303967608298056,25.21022752519504,4.730961079611947e-10,2.2718529471885363e-11,0.048020960412865694
1187,1.187,25.32917783582325,25.210227525195503,4.6008697880475224e-10,2.2093818594853704e-11,0.048020960411117586
1188,1.188,25.354388063348445,25.210227525195954,4.474355545552204e-10,2.1486285928250127e-11,0.04802096236989676
1189,1.189,25.379598290873645,25.21022752519639,4.3513203113692436e-10,2.089545910809868e-11,0.048020962863851865
1190,1.19,25.40480851839884,25.210227525196814,4.231668624340626e-10,2.0320878759421108e-11,0.04802095949227944
1191,1.191,25.43001874592404,25.21022752519723,4.115306719385063e-10,1.9762098139066097e-11,0.04802096049360589
1192,1.192,25.45522897344924,25.210227525197627,4.0021444916657787e-10,1.921868278836209e-11,0.04802096183279695
1193,1.193,25.480439200974445,25.210227525198018,3.8920942264281176e-10,1.869021019531987e-11,0.048020960202889006
1194,1.194,25.50564942849964,25.210227525198395,3.7850699274580557e-10,1.817626946612464e-11,0.04802096081308411
1195,1.195,25.530859656024845,25.210227525198764,3.6809886055145654e-10,1.767646100566063e-11,0.048020960942881365
1196,1.196,25.556069883550034,25.21022752519912,3.579769308703932e-10,1.7190396206821946e-11,0.04802096091785811
1197,1.197,25.581280111075237,25.21022752519947,3.481333252592091e-10,1.6717697148364905e-11,0.04802096189991991
1198,1.198,25.606490338600434,25.21022752519981,3.385603965873167e-10,1.6257996301070634e-11,0.04802096306877878
1199,1.199,25.63170056612564,25.210227525200136,3.2925073398119487e-10,1.581093624198574e-11,0.04802095974336926
1200,1.2,25.65691079365084,25.210227525200462,3.2019703997766937e-10,1.537616937652258e-11,0.048020960398618674
1201,1.201,25.682121021176048,25.21022752520077,3.1139230149521804e-10,1.4953357668199378e-11,0.048020961328836875
1202,1.202,25.707331248701248,25.210227525201077,3.0282969003201705e-10,1.4542172375813558e-11,0.048020959814990626
1203,1.203,25.73254147622645,25.210227525201375,2.9450251914698956e-10,1.414229379784104e-11,0.04802096035987543
1204,1.204,25.75775170375165,25.210227525201663,2.8640432432047536e-10,1.3753411023864673e-11,0.048020961472897104
1205,1.205,25.782961931276855,25.210227525201947,2.7852882062594136e-10,1.3375221692837223e-11,0.04802096121607422
1206,1.206,25.80817215880205,25.210227525202214,2.7086987371065107e-10,1.3007431757992718e-11,0.04802096142994304
1207,1.207,25.83338238632726,25.21022752520248,2.634215243612463e-10,1.2649755258220777e-11,0.048020962937232806
1208,1.208,25.858592613852455,25.21022752520274,2.5617801174418184e-10,1.2301914095729125e-11,0.04802096015958528
1209,1.209,25.883802841377662,25.210227525202992,2.491336686760408e-10,1.196363781981848e-11,0.048020959525046425
1210,1.21,25.909013068902865,25.210227525203237,2.422830200968673e-10,1.1634663416604513e-11,0.048020960824876835
1211,1.211,25.93422329642807,25.21022752520347,2.356207586600544e-10,1.1314735104521002e-11,0.048020960329923715
1212,1.212,25.95943352395327,25.210227525203706,2.2914169323689888e-10,1.1003604135446775e-11,0.048020960219014634
1213,1.213,25.98464375147847,25.210227525203933,2.228407794215291e-10,1.0701028601300717e-11,0.04802096200291278
1214,1.214,26.00985397900367,25.210227525204154,2.1671314192459583e-10,1.0406773245955857e-11,0.04802096058196986
1215,1.215,26.035064206528876,25.210227525204367,2.1075399325643586e-10,1.0120609282324292e-11,0.048020960959966226
1216,1.216,26.060274434054076,25.210227525204573,2.0495870218802632e-10,9.842314214473056e-12,0.04802096280568683
1217,1.217,26.085484661579287,25.210227525204772,1.9932278512062632e-10,9.571671664630288e-12,0.04802096086926388
1218,1.218,26.11069488910449,25.210227525204967,1.9384184406478445e-10,9.308471204949438e-12,0.04802095878657874
1219,1.219,26.1359051166297,25.210227525205156,1.88511602712689e-10,9.052508193898476e-12,0.04802096032091683
1220,1.22,26.161115344154904,25.21022752520534,1.8332793559861335e-10,8.80358361714944e-12,0.0480209608448568
1221,1.221,26.186325571680115,25.21022752520552,1.7828681073839768e-10,8.561503932841469e-12,0.04802096070585874
1222,1.222,26.21153579920532,25.210227525205692,1.7338430050697458e-10,8.326080921100448e-12,0.04802096208685008
1223,1.223,26.236746026730525,25.21022752520586,1.686166112981909e-10,8.097131537695226e-12,0.048020959947865476
1224,1.224,26.261956254255725,25.210227525206026,1.6398001396412177e-10,7.874477771718996e-12,0.04802096048998937
1225,1.225,26.287166481780936,25.21022752520619,1.5947090771895303e-10,7.657946507183204e-12,0.048020962674140855
1226,1.226,26.31237670930614,25.210227525206342,1.5508580302323516e-10,7.447369388418227e-12,0.04802096157894254
1227,1.227,26.337586936831347,25.210227525206495,1.508212837543115e-10,7.2425826891743775e-12,0.04802095903766855
1228,1.228,26.362797164356554,25.21022752520664,1.466740192651465e-10,7.043427185323142e-12,0.04802095981695676
1229,1.229,26.388007391881764,25.210227525206783,1.426407934597056e-10,6.849748031058296e-12,0.048020961359789914
1230,1.23,26.413217619406964,25.21022752520693,1.3871847778660762e-10,6.661394638501503e-12,0.048020961192702896
1231,1.231,26.43842784693217,25.210227525207063,1.3490401566802206e-10,6.47822056061825e-12,0.04802096163364143
1232,1.232,26.463638074457375,25.21022752520719,1.311944488313002e-10,6.300083377353844e-12,0.048020959983260954
1233,1.233,26.488848301982593,25.210227525207323,1.2758688252684614e-10,6.126844584899713e-12,0.04802096002001252
1234,1.234,26.514058529507793,25.210227525207443,1.240785101448206e-10,5.958369488005409e-12,0.04802096254259488
1235,1.235,26.539268757033007,25.210227525207564,1.2066661764135647e-10,5.794527095251049e-12,0.048020962288621176
1236,1.236,26.564478984558214,25.210227525207678,1.1734855156297195e-10,5.635190017200237e-12,0.04802095928875836
1237,1.237,26.589689212083417,25.210227525207795,1.14121715837116e-10,5.480234367353044e-12,0.04802096014026717
1238,1.238,26.614899439608624,25.210227525207905,1.1098360919397124e-10,5.3295396658228505e-12,0.048020961874723
1239,1.239,26.64010966713384,25.210227525208012,1.079318003789601e-10,5.182988745661633e-12,0.04802096071281685
1240,1.24,26.665319894659046,25.21022752520812,1.0496390613304428e-10,5.040467661761514e-12,0.048020961180432815
1241,1.241,26.69053012218426,25.210227525208218,1.0207762505928035e-10,4.901865602260759e-12,0.04802096051327663
1242,1.242,26.71574034970946,25.21022752520832,9.92707091246082e-11,4.767074802386515e-12,0.04802096050711907
1243,1.243,26.740950577234674,25.210227525208417,9.654097378456543e-11,4.635990460666122e-12,0.04802096228086012
1244,1.244,26.766160804759885,25.210227525208513,9.38863024800772e-11,4.508510657442967e-12,0.04802096299829976
1245,1.245,26.7913710322851,25.2102275252086,9.130463692617684e-11,4.384536275632464e-12,0.048020959539848154
1246,1.246,26.81658125981031,25.210227525208694,8.879395315077516e-11,4.263970923657549e-12,0.04802096057619127
1247,1.247,26.841791487335524,25.21022752520878,8.635230762736012e-11,4.146720860502939e-12,0.04802096173732223
1248,1.248,26.86700171486073,25.210227525208865,8.397780710342164e-11,4.032694922830426e-12,0.04802096008370425
1249,1.249,26.89221194238594,25.210227525208953,8.166859626935363e-11,3.921804454098159e-12,0.04802096072722419
1250,1.25,26.91742216991115,25.21022752520903,7.942288435649842e-11,3.81396323562932e-12,0.048020961043292294
1251,1.2510000000000001,26.942632397436352,25.210227525209113,7.723892527901177e-11,3.709087419575838e-12,0.04802096101385959
1252,1.252,26.96784262496156,25.210227525209188,7.511501910210373e-11,3.607095463725891e-12,0.04802096181088328
1253,1.2530000000000001,26.993052852486773,25.210227525209262,7.304951516486398e-11,3.5079080681036432e-12,0.04802096304385753
1254,1.254,27.018263080011984,25.210227525209337,7.1040814847614e-11,3.4114481133127406e-12,0.04802095979093796
1255,1.2550000000000001,27.043473307537194,25.210227525209408,6.908734403621275e-11,3.3176406005749426e-12,0.0480209602331213
1256,1.256,27.068683535062405,25.21022752520948,6.718758872273874e-11,3.226412593417718e-12,0.048020961233362164
1257,1.2570000000000001,27.09389376258762,25.210227525209547,6.534007580605503e-11,3.137693160965166e-12,0.048020959912544174
1258,1.258,27.119103990112823,25.210227525209614,6.354336326005778e-11,3.051413322788572e-12,0.04802096027401551
1259,1.2590000000000001,27.144314217638033,25.210227525209675,6.179605526521888e-11,2.9675059952730956e-12,0.048020961573308034
1260,1.26,27.16952444516324,25.21022752520974,6.009679676534858e-11,2.885905939459645e-12,0.04802096109594379
1261,1.2610000000000001,27.19473467268845,25.2102275252098,5.844426333734951e-11,2.8065497103206144e-12,0.0480209613409064
1262,1.262,27.219944900213658,25.21022752520986,5.683716947564647e-11,2.7293756074307853e-12,0.04802096291231155
1263,1.2630000000000001,27.245155127738865,25.210227525209916,5.527427212496058e-11,2.6543236269943167e-12,0.048020960294033174
1264,1.264,27.270365355264076,25.21022752520997,5.375434913459307e-11,2.5813354151913046e-12,0.04802095935954905
1265,1.2650000000000001,27.295575582789287,25.210227525210023,5.2276218232128826e-11,2.5103542228067134e-12,0.048020960729402117
1266,1.266,27.32078581031449,25.210227525210076,5.083873457288242e-11,2.4413248611074066e-12,0.04802096042747726
1267,1.2670000000000001,27.345996037839704,25.210227525210126,4.944077843391288e-11,2.3741936589320753e-12,0.04802096031124676
1268,1.268,27.37120626536491,25.21022752521018,4.808126117909649e-11,2.308908420961402e-12,0.04802096210332371
1269,1.2690000000000001,27.396416492890122,25.210227525210225,4.675913112816201e-11,2.2454183871354333e-12,0.04802096046183943
1270,1.27,27.421626720415333,25.210227525210275,4.5473354834702763e-11,2.1836741931871584e-12,0.048020960870929594
1271,1.2710000000000001,27.446836947940547,25.210227525210318,4.42229332626306e-11,2.123627832261064e-12,0.04802096278076558
1272,1.272,27.472047175465754,25.210227525210364,4.3006898954556586e-11,2.0652326175873344e-12,0.048020961003711775
1273,1.2730000000000001,27.497257402990968,25.210227525210403,4.1824303282217494e-11,2.0084431461822643e-12,0.04802095883414745
1274,1.274,27.522467630516175,25.21022752521045,4.0674223388646043e-11,1.9532152635469188e-12,0.04802096022544211
1275,1.2750000000000001,27.54767785804139,25.210227525210488,3.9555768815505995e-11,1.8995060293364265e-12,0.048020960942410346
1276,1.276,27.572888085566596,25.21022752521053,3.84680700525858e-11,1.847273683973436e-12,0.048020960798090866
1277,1.2770000000000001,27.598098313091814,25.21022752521057,3.741027962210319e-11,1.7964776161794343e-12,0.048020962000990174
1278,1.278,27.623308540617025,25.21022752521061,3.638157874533044e-11,1.747078331399092e-12,0.04802095982773504
1279,1.2790000000000001,27.64851876814224,25.210227525210648,3.538116286943234e-11,1.69903742109267e-12,0.04802096040095274
1280,1.28,27.67372899566745,25.210227525210684,3.4408255097731914e-11,1.6523175328730043e-12,0.0480209626492196
1281,1.281,27.698939223192657,25.210227525210716,3.34621024679616e-11,1.6068823414635315e-12,0.04802096171339044
1282,1.282,27.72414945071787,25.210227525210748,3.254196813689482e-11,1.5626965204549208e-12,0.04802095908523726
1283,1.283,27.749359678243078,25.210227525210783,3.164713328474785e-11,1.5197257148384408e-12,0.048020959786928434
1284,1.284,27.774569905768292,25.210227525210815,3.077690386535212e-11,1.4779365142944392e-12,0.04802096145734346
1285,1.285,27.7997801332935,25.210227525210847,2.9930605106978494e-11,1.4372964272154994e-12,0.04802096122274472
1286,1.286,27.824990360818713,25.21022752521088,2.910757740768973e-11,1.3977738554437425e-12,0.048020961547781515
1287,1.287,27.850200588343917,25.210227525210907,2.830718226654455e-11,1.3593380697029606e-12,0.04802096008367189
1288,1.288,27.875410815869134,25.21022752521094,2.7528795406275206e-11,1.3219591857061515e-12,0.04802096009638003
1289,1.289,27.900621043394338,25.210227525210968,2.677181117406885e-11,1.2856081409201963e-12,0.04802096251767363
1290,1.29,27.925831270919552,25.210227525210996,2.6035643787279245e-11,1.2502566719693484e-12,0.04802096242306907
1291,1.291,27.95104149844476,25.21022752521102,2.5319721002332142e-11,1.2158772926601382e-12,0.048020959336327065
1292,1.292,27.97625172596997,25.21022752521105,2.4623482477715666e-11,1.1824432726104907e-12,0.04802096022285255
1293,1.293,28.001461953495177,25.21022752521107,2.394638860276201e-11,1.149928616466591e-12,0.04802096197227655
1294,1.294,28.026672181020395,25.210227525211096,2.3287914899382722e-11,1.1183080436911157e-12,0.0480209605936321
1295,1.295,28.051882408545605,25.210227525211117,2.264754690697533e-11,1.087556968907377e-12,0.0480209610945729
1296,1.296,28.07709263607082,25.21022752521114,2.2024788118927476e-11,1.05765148278383e-12,0.04802096061368756
1297,1.297,28.102302863596023,25.210227525211163,2.1419153647199147e-11,1.028568333444336e-12,0.04802096060312055
1298,1.298,28.12751309112124,25.21022752521118,2.0830172131782773e-11,1.0002849083895158e-12,0.04802096219182349
1299,1.299,28.152723318646455,25.210227525211202,2.0257386638126192e-11,9.72779216915273e-13,0.04802096313274766
1300,1.3,28.177933546171673,25.21022752521122,1.9700353369502915e-11,9.46029873014731e-13,0.04802095958741686
1301,1.301,28.203143773696887,25.210227525211238,1.9158635440214816e-11,9.200160787503998e-13,0.04802096065877665
1302,1.302,28.228354001222105,25.210227525211256,1.8631813639145923e-11,8.947176080834777e-13,0.048020961641847514
1303,1.303,28.253564228747315,25.210227525211273,1.8119479323003952e-11,8.701147911479118e-13,0.04802095996451951
1304,1.304,28.278774456272526,25.21022752521129,1.7621232221412536e-11,8.461884989567915e-13,0.048020960641364276
1305,1.305,28.30398468379774,25.21022752521131,1.7136685916526773e-11,8.229201285293785e-13,0.04802096114370323
1306,1.306,28.32919491132295,25.210227525211323,1.66654637877015e-11,8.002915884270115e-13,0.048020961109861066
1307,1.307,28.35440513884816,25.21022752521134,1.620719903934767e-11,7.782852846868642e-13,0.048020961721846646
1308,1.308,28.37961536637338,25.210227525211355,1.5761535370373182e-11,7.568841071423467e-13,0.048020963018936276
1309,1.309,28.404825593898586,25.21022752521137,1.5328127938200376e-11,7.360714161198124e-13,0.048020959838506676
1310,1.31,28.4300358214238,25.210227525211383,1.490663719536044e-11,7.158310295009612e-13,0.048020960067623936
1311,1.311,28.45524604894901,25.2102275252114,1.4496736292765435e-11,6.961472101410914e-13,0.048020961137887445
1312,1.312,28.480456276474225,25.210227525211415,1.4098107440810807e-11,6.77004653633237e-13,0.04802096001009773
1313,1.313,28.505666503999432,25.21022752521143,1.3710439646128488e-11,6.583884764088462e-13,0.0480209601881556
1314,1.314,28.530876731524643,25.210227525211444,1.3333431523425892e-11,6.402842041655911e-13,0.04802096167371897
1315,1.315,28.556086959049853,25.210227525211458,1.296679091713882e-11,6.226777606134544e-13,0.04802096097581336
1316,1.316,28.581297186575068,25.21022752521147,1.2610231880909018e-11,6.055554565302248e-13,0.04802096125186977
1317,1.317,28.606507414100275,25.210227525211483,1.2263477108923431e-11,5.889039791179726e-13,0.0480209628873903
1318,1.318,28.631717641625485,25.210227525211497,1.1926258378466277e-11,5.727103816521699e-13,0.04802096042848107
1319,1.319,28.656927869150692,25.210227525211508,1.1598312127935943e-11,5.569620734154866e-13,0.04802095919405168
1320,1.32,28.682138096675907,25.21022752521152,1.1279383060188973e-11,5.416468099083223e-13,0.048020960633927405
1321,1.321,28.70734832420111,25.21022752521153,1.0969224221452722e-11,5.267526833285931e-13,0.04802096052503082
1322,1.322,28.732558551726324,25.21022752521154,1.066759408827084e-11,5.122681133132394e-13,0.048020960403478884
1323,1.323,28.75776877925153,25.21022752521155,1.037425772146726e-11,4.981818379343817e-13,0.04802096220373465
1324,1.324,28.782979006776742,25.210227525211558,1.0088988256284804e-11,4.844829049430204e-13,0.048020960341709
1325,1.325,28.80818923430195,25.210227525211565,9.811562608951287e-12,4.711606632535371e-13,0.048020960781892955
1326,1.326,28.833399461827167,25.210227525211575,9.541765270138578e-12,4.582047546623335e-13,0.048020962755844325
1327,1.327,28.858609689352377,25.210227525211582,9.279387484815025e-12,4.456051057942275e-13,0.048020961138159665
1328,1.328,28.883819916877595,25.210227525211593,9.024224637781076e-12,4.3335192027025494e-13,0.048020958881716154
1329,1.329,28.909030144402806,25.2102275252116,8.776077570092081e-12,4.21435671090893e-13,0.0480209601299674
1330,1.33,28.934240371928023,25.21022752521161,8.534754081402013e-12,4.098470932286789e-13,0.048020961039963894
1331,1.331,28.95945059945323,25.210227525211618,8.30006665911764e-12,3.9857717642456197e-13,0.04802096089032299
1332,1.332,28.98466082697845,25.21022752521163,8.071832439911365e-12,3.8761715818229663e-13,0.04802096191513026
1333,1.333,29.009871054503655,25.210227525211636,7.849874705769775e-12,3.76958516955515e-13,0.048020959707604616
1334,1.334,29.035081282028873,25.210227525211643,7.634019876756677e-12,3.6659296552211103e-13,0.048020960311916105
1335,1.335,29.060291509554084,25.210227525211653,7.424100331558883e-12,3.5651244454083016e-13,0.048020962624298356
1336,1.336,29.085501737079298,25.21022752521166,7.219953598256209e-12,3.467091162850245e-13,0.04802096184783833
1337,1.337,29.110711964604505,25.210227525211668,7.02142074289389e-12,3.3717535854874363e-13,0.04802095913280597
1338,1.338,29.13592219212972,25.21022752521168,6.828346613881988e-12,3.2790375872035753e-13,0.04802095986951382
1339,1.339,29.161132419654926,25.210227525211685,6.640581481373141e-12,3.188871080191807e-13,0.04802096155489702
1340,1.34,29.18634264718014,25.210227525211693,6.457979781407364e-12,3.101183958905398e-13,0.048020961103559974
1341,1.341,29.21155287470535,25.2102275252117,6.280399129329106e-12,3.01590804554999e-13,0.048020961461921606
1342,1.342,29.236763102230565,25.210227525211707,6.107701774040372e-12,2.932977037074447e-13,0.04802096018408282
1343,1.343,29.261973329755776,25.210227525211714,5.93975306239712e-12,2.852326453619483e-13,0.04802096019238151
1344,1.344,29.287183557280986,25.210227525211717,5.7764223047431734e-12,2.7738935883837014e-13,0.048020962492752374
1345,1.345,29.312393784806194,25.21022752521172,5.617583062058348e-12,2.6976174588684547e-13,0.04802096255751697
1346,1.346,29.337604012331408,25.210227525211724,5.463111926795123e-12,2.6234387594630516e-13,0.04802095938389577
1347,1.347,29.36281423985661,25.210227525211735,5.312887953732092e-12,2.5512998153340815e-13,0.048020960305437926
1348,1.348,29.388024467381825,25.21022752521174,5.1667947322292245e-12,2.4811445375823906e-13,0.04802096205033281
1349,1.349,29.413234694907036,25.210227525211746,5.024719113890646e-12,2.4129183796334284e-13,0.04802096047444736
1350,1.35,29.43844492243225,25.21022752521175,4.8865500513425966e-12,2.3465682948264726e-13,0.04802096100871298
1351,1.351,29.46365514995746,25.210227525211756,4.752180425454146e-12,2.2820426951704146e-13,0.0480209607140985
1352,1.352,29.488865377482668,25.210227525211764,4.6215056486235845e-12,2.2192914112332361e-13,0.048020960699122026
1353,1.353,29.514075605007882,25.210227525211767,4.4944240153189706e-12,2.158265653134874e-13,0.048020962102786856
1354,1.354,29.5392858325331,25.21022752521177,4.370836892888397e-12,2.0989179726123537e-13,0.048020963125561006
1355,1.355,29.564496060058314,25.210227525211774,4.250648553556185e-12,2.0412022261283137e-13,0.048020959634985566
1356,1.356,29.58970628758353,25.210227525211778,4.133764731791221e-12,1.985073538993732e-13,0.04802096074136203
1357,1.357,29.614916515108746,25.21022752521178,4.020094992502802e-12,1.930488270477429e-13,0.0480209615463728
1358,1.358,29.640126742633964,25.210227525211785,3.90955113334152e-12,1.8774039798747615e-13,0.04802095984533476
1359,1.359,29.665336970159174,25.210227525211785,3.802046798708358e-12,1.825779393509557e-13,0.048020960555504366
1360,1.36,29.690547197684392,25.21022752521179,3.697498606113196e-12,1.7755743726432793e-13,0.04802096124411416
1361,1.361,29.7157574252096,25.210227525211792,3.5958253206641238e-12,1.7267498822667013e-13,0.04802096120586254
1362,1.362,29.740967652734813,25.210227525211796,3.4969477987344523e-12,1.6792679607496654e-13,0.04802096163281001
1363,1.363,29.766177880260024,25.2102275252118,3.4007891314655207e-12,1.6330916903255426e-13,0.04802096299401502
1364,1.364,29.79138810778524,25.210227525211803,3.307274931935826e-12,1.58818516838713e-13,0.04802095988607538
1365,1.365,29.81659833531045,25.210227525211806,3.2163319573785417e-12,1.544513479572032e-13,0.04802095990212656
1366,1.366,29.841808562835663,25.21022752521181,3.1278896465417038e-12,1.5020426686154527e-13,0.04802096104241273
1367,1.367,29.867018790360873,25.210227525211813,3.041879443216109e-12,1.4607397139496524e-13,0.04802096010765128
1368,1.368,29.892229017886084,25.210227525211813,2.9582342772886707e-12,1.4205725020292275e-13,0.04802096010229568
1369,1.369,29.91743924541129,25.210227525211817,2.8768890736934865e-12,1.381509802362469e-13,0.0480209617741299
1370,1.37,29.942649472936505,25.21022752521182,2.7977808425510507e-12,1.343521243229236e-13,0.04802096085568293
1371,1.371,29.967859700461716,25.210227525211824,2.7208478473310986e-12,1.3065772880666483e-13,0.04802096116283314
1372,1.372,29.99306992798693,25.210227525211828,2.646030268370672e-12,1.2706492125039706e-13,0.04802096286246905
1373,1.373,30.018280155512137,25.21022752521183,2.573270229382056e-12,1.235709082029149e-13,0.04802096056292897
1374,1.374,30.043490383037355,25.210227525211835,2.5025108922850477e-12,1.2017297302693118e-13,0.048020959028554314
1375,1.375,30.068700610562566,25.210227525211838,2.433697128846148e-12,1.1686847378686646e-13,0.04802096053845269
1376,1.3760000000000001,30.09391083808778,25.21022752521184,2.3667756688160156e-12,1.1365484119470466e-13,0.04802096062258437
1377,1.377,30.119121065612987,25.21022752521184,2.3016944157586984e-12,1.1052957661234709e-13,0.04802096049571101
1378,1.3780000000000001,30.1443312931382,25.210227525211845,2.2384026683302587e-12,1.0749025010888764e-13,0.04802096228247897
1379,1.379,30.169541520663405,25.21022752521185,2.1768514850384087e-12,1.0453449857131365e-13,0.04802096022157857
1380,1.3800000000000001,30.19475174818862,25.210227525211852,2.1169927131898757e-12,1.0166002386715428e-13,0.04802096069285632
1381,1.381,30.21996197571383,25.210227525211856,2.058779862695172e-12,9.88645910576598e-14,0.04802096273092308
1382,1.3820000000000001,30.245172203239047,25.210227525211856,2.0021678890245033e-12,9.614602666010411e-14,0.04802096127260756
1383,1.383,30.270382430764258,25.210227525211856,1.9471126575288025e-12,9.350221695788134e-14,0.04802095892928487
1384,1.3840000000000001,30.295592658289472,25.210227525211856,1.893571188325797e-12,9.093110635705992e-14,0.04802096003449268
1385,1.385,30.320802885814683,25.210227525211856,1.8415019960741727e-12,8.843069578813865e-14,0.04802096113751745
1386,1.3860000000000001,30.346013113339897,25.210227525211856,1.7908646431083402e-12,8.59990411517431e-14,0.048020960982555115
1387,1.387,30.37122334086511,25.210227525211856,1.7416196723508438e-12,8.363425180706619e-14,0.04802096182927034
1388,1.3880000000000001,30.396433568390325,25.210227525211856,1.69372893665011e-12,8.133448910186982e-14,0.048020959754478044
1389,1.389,30.421643795915536,25.210227525211856,1.647155004310571e-12,7.909796494291479e-14,0.048020960222879466
1390,1.3900000000000001,30.44685402344075,25.210227525211856,1.6018616920996438e-12,7.692294040569192e-14,0.048020962599377104
1391,1.391,30.47206425096596,25.210227525211856,1.5578139482084248e-12,7.480772438239197e-14,0.048020961982286225
1392,1.3920000000000001,30.49727447849117,25.210227525211856,1.5149774912612814e-12,7.275067226704442e-14,0.048020959180374675
1393,1.393,30.52248470601638,25.210227525211856,1.4733188330136266e-12,7.075018467682088e-14,0.04802095995209919
1394,1.3940000000000001,30.547694933541592,25.210227525211856,1.4328056715411388e-12,6.88047062084907e-14,0.04802096165245057
1395,1.395,30.572905161066803,25.210227525211856,1.3934066053125092e-12,6.691272422908272e-14,0.04802096098437522
1396,1.3960000000000001,30.598115388592017,25.210227525211856,1.3550908985388627e-12,6.507276769978746e-14,0.04802096137606169
1397,1.397,30.623325616117228,25.210227525211856,1.31782883260349e-12,6.328340603221297e-14,0.048020960284493756
1398,1.3980000000000001,30.648535843642442,25.210227525211856,1.2815913635731414e-12,6.154324797608043e-14,0.048020960288382986
1399,1.399,30.67374607116765,25.210227525211856,1.2463502908257629e-12,5.985094053751436e-14,0.04802096246783112
1400,1.4000000000000001,30.698956298692863,25.210227525211856,1.2120783229697499e-12,5.82051679270697e-14,0.04802096269196487
1401,1.401,30.724166526218074,25.210227525211856,1.1787488464798256e-12,5.6604650536693264e-14,0.048020959431464484
1402,1.4020000000000001,30.749376753743288,25.210227525211856,1.146335756303176e-12,5.504814394480955e-14,0.04802096038802331
1403,1.403,30.7745869812685,25.210227525211856,1.1148139431087577e-12,5.3534437948770997e-14,0.048020961954858096
1404,1.4040000000000001,30.799797208793716,25.210227525211856,1.0841589847172555e-12,5.206235562390908e-14,0.048020960355262605
1405,1.405,30.825007436318927,25.210227525211856,1.0543469234154149e-12,5.0630752408461996e-14,0.048020960922853066
1406,1.4060000000000001,30.850217663844145,25.210227525211856,1.0253546446906024e-12,4.923851521366265e-14,0.04802096081450943
1407,1.407,30.875427891369345,25.210227525211856,9.971595895924654e-13,4.788456155830122e-14,0.0480209607951235
1408,1.408,30.90063811889456,25.210227525211856,9.697398130788442e-13,4.656783872708042e-14,0.048020962013750224
1409,1.409,30.925848346419777,25.210227525211856,9.430740249254712e-13,4.5287322952117864e-14,0.04802096310063975
1410,1.41,30.95105857394499,25.210227525211856,9.171415754307644e-13,4.4042018616955054e-14,0.04802095968255428
1411,1.411,30.97626880147021,25.210227525211856,8.919221302156142e-13,4.2830957482451e-14,0.048020960610201474
1412,1.412,31.001479028995423,25.210227525211856,8.673961677456051e-13,4.1653197933968426e-14,0.048020961450898084
1413,1.413,31.02668925652064,25.210227525211856,8.435446621695485e-13,4.050782424925271e-14,0.04802095972615002
1414,1.414,31.05189948404585,25.210227525211856,8.203489788870939e-13,3.9393945886450326e-14,0.04802096046964445
1415,1.415,31.07710971157107,25.210227525211856,7.977911253554518e-13,3.8310696791699325e-14,0.0480209613445251
1416,1.416,31.102319939096272,25.210227525211856,7.758535796807954e-13,3.7257234725764146e-14,0.04802096130186402
1417,1.417,31.12753016662149,25.210227525211856,7.545192650121031e-13,3.623274060918235e-14,0.048020961543773374
1418,1.418,31.1527403941467,25.210227525211856,7.337715803013084e-13,3.5236417885422546e-14,0.04802096296909377
1419,1.419,31.17795062167192,25.210227525211856,7.135944785428792e-13,3.4267491901549956e-14,0.04802095998769819
1420,1.42,31.203160849197126,25.210227525211856,6.939721631699646e-13,3.332520930592633e-14,0.04802095973662919
1421,1.421,31.22837107672234,25.210227525211856,6.74889398783164e-13,3.2408837462468796e-14,0.048020960946938016
1422,1.422,31.25358130424755,25.210227525211856,6.563313966720928e-13,3.151766388101708e-14,0.048020960205204834
1423,1.423,31.27879153177276,25.210227525211856,6.38283691097241e-13,3.0650995663362814e-14,0.04802096010109901
1424,1.424,31.304001759297968,25.210227525211856,6.207322344435958e-13,2.980815896451446e-14,0.048020961874540836
1425,1.425,31.329211986823182,25.210227525211856,6.03663442479008e-13,2.898849846877289e-14,0.048020960735552495
1426,1.426,31.354422214348393,25.210227525211856,5.870639872636868e-13,2.819137688021727e-14,0.048020961073796505
1427,1.427,31.379632441873607,25.210227525211856,5.709209646617352e-13,2.741617442719812e-14,0.048020962837547795
1428,1.428,31.404842669398814,25.210227525211856,5.552218863025629e-13,2.6662288380458816e-14,0.04802096069737686
1429,1.429,31.430052896924032,25.210227525211856,5.399544948373173e-13,2.5929132584505505e-14,0.04802095886305694
1430,1.43,31.455263124449242,25.210227525211856,5.251068860192243e-13,2.5216137001864514e-14,0.04802096044297797
1431,1.431,31.480473351974457,25.210227525211856,5.106675689557134e-13,2.4522747269870638e-14,0.04802096072013792
1432,1.432,31.505683579499664,25.210227525211856,4.966253064840286e-13,2.3848424269644718e-14,0.04802096058794313
1433,1.433,31.530893807024874,25.210227525211856,4.82969158592864e-13,2.3192643706920835e-14,0.048020962196619055
1434,1.434,31.55610403455008,25.210227525211856,4.696885621768804e-13,2.2554895704402517e-14,0.048020960101448136
1435,1.435,31.581314262075296,25.210227525211856,4.567731284321905e-13,2.1934684405325695e-14,0.04802096060381969
1436,1.436,31.606524489600506,25.210227525211856,4.4421282677157313e-13,2.1331527587925362e-14,0.04802096270600183
1437,1.437,31.631734717125724,25.210227525211856,4.3199793762256924e-13,2.074495629050095e-14,0.04802096140705546
1438,1.438,31.656944944650935,25.210227525211856,4.201189413255785e-13,2.0174514446794758e-14,0.04802095897685357
1439,1.439,31.68215517217615,25.210227525211856,4.0856656252411565e-13,1.9619758531392835e-14,0.04802095993901796
1440,1.44,31.70736539970136,25.210227525211856,3.9733184684661377e-13,1.9080257214880407e-14,0.048020961235071
1441,1.441,31.732575627226574,25.210227525211856,3.8640607378887154e-13,1.8555591028476765e-14,0.04802096107478724
1442,1.442,31.757785854751784,25.210227525211856,3.7578072955547463e-13,1.8045352037894306e-14,0.048020961743410424
1443,1.443,31.782996082277002,25.210227525211856,3.654475791236609e-13,1.754914352616368e-14,0.048020959854888974
1444,1.444,31.808206309802213,25.210227525211856,3.5539855174938234e-13,1.7066579685182567e-14,0.048020960133842834
1445,1.445,31.833416537327427,25.210227525211856,3.456258355923282e-13,1.659728531574422e-14,0.04802096257445585
1446,1.446,31.858626764852637,25.210227525211856,3.361218689575511e-13,1.6140895535816432e-14,0.04802096211673412
1447,1.447,31.883836992377848,25.210227525211856,3.2687925749943687e-13,1.5697055496840863e-14,0.04802095922794338
1448,1.448,31.90904721990306,25.210227525211856,3.1789077304594293e-13,1.526542010783421e-14,0.048020960034684576
1449,1.449,31.93425744742827,25.210227525211856,3.091494469511357e-13,1.4845653767075414e-14,0.04802096175000412
1450,1.45,31.95946767495348,25.210227525211856,3.0064850517469417e-13,1.4437430101172006e-14,0.048020960865190476
1451,1.451,31.984677902478694,25.210227525211856,2.9238131295311697e-13,1.40404317113e-14,0.04802096129020177
1452,1.452,32.0098881300039,25.210227525211856,2.8434145875007455e-13,1.3654349926423341e-14,0.048020960384904686
1453,1.453,32.035098357529115,25.210227525211856,2.7652267795159837e-13,1.3278884563297609e-14,0.04802096038438446
1454,1.454,32.06030858505432,25.210227525211856,2.6891888560947466e-13,1.2913743693074631e-14,0.0480209623946904
1455,1.455,32.08551881257954,25.210227525211856,2.615241901692218e-13,1.2558643414323901e-14,0.04802096282641276
1456,1.456,32.11072904010475,25.210227525211856,2.5433285308737966e-13,1.2213307632295961e-14,0.04802095947903319
1457,1.457,32.13593926762995,25.210227525211856,2.473392395290528e-13,1.187746784425506e-14,0.04802096047060869
1458,1.458,32.161149495155165,25.210227525211856,2.4053793350785604e-13,1.155086293071565e-14,0.04802096185938338
1459,1.459,32.18635972268038,25.210227525211856,2.3392366369172873e-13,1.1233238952418156e-14,0.04802096023607786
1460,1.46,32.21156995020559,25.210227525211856,2.274912613675395e-13,1.0924348952888787e-14,0.04802096083699315
1461,1.461,32.2367801777308,25.210227525211856,2.2123573881101482e-13,1.0623952766427272e-14,0.04802096091492036
1462,1.462,32.261990405256014,25.210227525211856,2.1515223018549047e-13,1.0331816831375757e-14,0.04802096089112498
1463,1.463,32.28720063278123,25.210227525211856,2.09236000400696e-13,1.0047714008521178e-14,0.048020961924713584
1464,1.464,32.312410860306436,25.210227525211856,2.0348245388342025e-13,9.771423404492317e-15,0.0480209630757185
1465,1.465,32.33762108783166,25.210227525211856,1.9788713623004266e-13,9.50273020001224e-15,0.048020959730122985
1466,1.466,32.362831315356864,25.210227525211856,1.924456611715484e-13,9.241425482873854e-15,0.04802096044470411
1467,1.467,32.388041542882085,25.210227525211856,1.871538143309763e-13,8.987306085507892e-15,0.048020961355423365
1468,1.468,32.4132517704073,25.210227525211856,1.8200749142948271e-13,8.740174427018137e-15,0.048020959787825244
1469,1.469,32.43846199793252,25.210227525211856,1.7700267324161098e-13,8.499838359559359e-15,0.04802096038378453
1470,1.47,32.463672225457735,25.210227525211856,1.7213547522198278e-13,8.266111018940576e-15,0.048020961444936026
1471,1.471,32.48888245298295,25.210227525211856,1.6740211920298972e-13,8.038810679335386e-15,0.048020961249526505
1472,1.472,32.514092680508156,25.210227525211856,1.627989189545314e-13,7.817760611988363e-15,0.04802096145473674
1473,1.473,32.53930290803337,25.210227525211856,1.5832229263384044e-13,7.602788947806091e-15,0.048020962944172525
1474,1.474,32.564513135558585,25.210227525211856,1.5396877790282198e-13,7.393728543726983e-15,0.048020960122146086
1475,1.475,32.5897233630838,25.210227525211856,1.4973496816768908e-13,7.190416852765307e-15,0.04802095957113182
1476,1.476,32.61493359060901,25.210227525211856,1.4561757352708719e-13,6.992695797629332e-15,0.0480209608514633
1477,1.477,32.64014381813423,25.210227525211856,1.4161340391652429e-13,6.800411647813902e-15,0.04802096030275838
1478,1.478,32.66535404565944,25.210227525211856,1.3771933908543444e-13,6.6134149000735205e-15,0.04802096019333114
1479,1.479,32.690564273184656,25.210227525211856,1.339323474097864e-13,6.4315601621813825e-15,0.048020961974951766
1480,1.48,32.71577450070986,25.210227525211856,1.302494985466165e-13,6.254706039885544e-15,0.04802096061542207
1481,1.481,32.74098472823508,25.210227525211856,1.266679154734786e-13,6.082715026972776e-15,0.048020960984759865
1482,1.482,32.766194955760284,25.210227525211856,1.2318481454522091e-13,5.915453398356351e-15,0.04802096281262655
1483,1.483,32.7914051832855,25.210227525211856,1.1979750105895522e-13,5.7527911061025735e-15,0.048020960831824756
1484,1.484,32.816615410810705,25.210227525211856,1.1650333148750675e-13,5.59460167831745e-15,0.048020958773332484
1485,1.485,32.841825638335926,25.210227525211856,1.1329973581204684e-13,5.440762120812896e-15,0.04802096034750326
1486,1.486,32.86703586586113,25.210227525211856,1.10184234787911e-13,5.291152821477592e-15,0.04802096081769147
1487,1.487,32.89224609338635,25.210227525211856,1.0715440475144685e-13,5.145657457276814e-15,0.04802096068017526
1488,1.488,32.917456320911555,25.210227525211856,1.0420788513708225e-13,5.004162903810168e-15,0.048020962110759145
1489,1.489,32.94266654843677,25.210227525211856,1.0134239609639257e-13,4.8665591473557155e-15,0.04802095998131771
1490,1.49,32.967876775961976,25.210227525211856,9.855569627509383e-14,4.7327391993332325e-15,0.04802096051478306
1491,1.491,32.99308700348719,25.210227525211856,9.584562149838966e-14,4.602599013119144e-15,0.048020962681080574
1492,1.492,33.0182972310124,25.210227525211856,9.321007450632926e-14,4.476037403149099e-15,0.04802096154150335
1493,1.493,33.04350745853761,25.210227525211856,9.064700194827503e-14,4.352955966244842e-15,0.04802095902442228
1494,1.494,33.068717686062826,25.210227525211856,8.815440213808971e-14,4.233259005104769e-15,0.04802095984354325
1495,1.495,33.09392791358804,25.210227525211856,8.573034232659092e-14,4.116853453897889e-15,0.048020961332624554
1496,1.496,33.11913814111325,25.210227525211856,8.337294191133218e-14,4.003648805904243e-15,0.048020961167019365
1497,1.497,33.14434836863846,25.210227525211856,8.108036384007767e-14,3.893557043144614e-15,0.04802096165755051
1498,1.498,33.16955859616367,25.210227525211856,7.885083037636741e-14,3.786492567945685e-15,0.04802095995529991
1499,1.499,33.194768823688875,25.210227525211856,7.668260136721221e-14,3.6823721363866995e-15,0.0480209600448062
